API Name,URL,Status Code,Response Time (s),Response Size (bytes),Timestamp
APILayer,https://apilayer.com/,200,0.9072,113015,
APILayer APIs,https://apilayer.com/products/,200,1.1393,133389,
Discord server,https://discord.com/invite/hgjA78638n/,200,0.5716,5225,
IPstack,https://ipstack.com/-Best-sellers,404,0.9606,24376,
"<img src=""https://run.pstmn.io/button.svg"" alt=""Run In Postman"" style=""width: 128px; height: 32px;"">",https://god.gw.postman.com/run-collection/10131015-55145132-244c-448c-8e6f-8780866e4862?action=collection%2Ffork&source=rip_markdown&collection-url=entityId%3D10131015-55145132-244c-448c-8e6f-8780866e4862%26entityType%3Dcollection%26workspaceId%3D2b7498b6-6d91-4fa8-817f-608441fe42a8,200,1.425,102377,
Marketstack,https://marketstack.com/-Best-sellers,404,1.1244,137468,
"<img src=""https://run.pstmn.io/button.svg"" alt=""Run In Postman"" style=""width: 128px; height: 32px;"">",https://god.gw.postman.com/run-collection/10131015-9cbac391-3611-4f50-9bfd-d24ae41c97c1?action=collection%2Ffork&source=rip_markdown&collection-url=entityId%3D10131015-9cbac391-3611-4f50-9bfd-d24ae41c97c1%26entityType%3Dcollection%26workspaceId%3D2b7498b6-6d91-4fa8-817f-608441fe42a8,200,1.1995,102377,
Weatherstack,https://weatherstack.com/-Best-sellers,404,1.0128,119137,
"<img src=""https://run.pstmn.io/button.svg"" alt=""Run In Postman"" style=""width: 128px; height: 32px;"">",https://god.gw.postman.com/run-collection/10131015-276c4312-f682-425d-b6b1-0f82c0a7f2b3?action=collection%2Ffork&source=rip_markdown&collection-url=entityId%3D10131015-276c4312-f682-425d-b6b1-0f82c0a7f2b3%26entityType%3Dcollection%26workspaceId%3D2b7498b6-6d91-4fa8-817f-608441fe42a8,200,1.3787,102377,
"<img src=""https://run.pstmn.io/button.svg"" alt=""Run In Postman"" style=""width: 128px; height: 32px;"">",https://god.gw.postman.com/run-collection/10131015-0760d25e-b802-412e-b0e4-26e5ca3b9ffa?action=collection%2Ffork&source=rip_markdown&collection-url=entityId%3D10131015-0760d25e-b802-412e-b0e4-26e5ca3b9ffa%26entityType%3Dcollection%26workspaceId%3D2b7498b6-6d91-4fa8-817f-608441fe42a8,200,1.3711,102377,
Fixer,https://fixer.io/-Best-sellers,404,1.0465,16656,
"<img src=""https://run.pstmn.io/button.svg"" alt=""Run In Postman"" style=""width: 128px; height: 32px;"">",https://god.gw.postman.com/run-collection/10131015-0d9c66b3-5f1a-42ed-a5ca-379217bd629d?action=collection%2Ffork&source=rip_markdown&collection-url=entityId%3D10131015-0d9c66b3-5f1a-42ed-a5ca-379217bd629d%26entityType%3Dcollection%26workspaceId%3D2b7498b6-6d91-4fa8-817f-608441fe42a8,200,1.3334,102377,
"<img src=""https://run.pstmn.io/button.svg"" alt=""Run In Postman"" style=""width: 128px; height: 32px;"">",https://god.gw.postman.com/run-collection/10131015-72ee0d35-018e-4370-a2b6-a66d3ebd5b5a?action=collection/fork,200,1.2536,102244,
API for this project,https://github.com/davemachado/public-api,200,1.1048,311600,
Issues,https://github.com/public-apis/public-apis/issues,200,1.0562,221330,
Pull Requests,https://github.com/public-apis/public-apis/pulls,200,1.5392,343033,
Axolotl,https://theaxolotlapi.netlify.app/,200,0.7107,8786,
Cat Facts,https://alexwohlbruck.github.io/cat-facts/,200,0.6888,4607,
Cataas,https://cataas.com/,200,0.8443,8276,
Cats,https://docs.thecatapi.com/,200,0.9981,3288,
Dog Facts,https://dukengn.github.io/Dog-facts-API/,200,0.191,4732,
Dog Facts,https://kinduff.github.io/dog-api/,200,0.2772,5975,
Dogs,https://dog.ceo/dog-api/,200,0.3139,7072,
eBird,https://documenter.getpostman.com/view/664302/S1ENwy59,200,1.1946,43555,
FishWatch,https://www.fishwatch.gov/developers,200,4.5099,247459,
HTTP Cat,https://http.cat/,200,0.1293,135043,
HTTP Dog,https://http.dog/,200,0.2006,170841,
MeowFacts,https://github.com/wh-iterabb-it/meowfacts,200,0.8096,318229,
Movebank,https://github.com/movebank/movebank-api-doc,200,3.2407,242474,
Petfinder,https://www.petfinder.com/developers/,200,1.0242,165497,
PlaceBear,https://placebear.com/,200,0.5529,4134,
RandomDog,https://random.dog/woof.json,200,0.6212,92,
RandomDuck,https://random-d.uk/api,200,0.3761,9760,
RandomFox,https://randomfox.ca/floof/,200,0.8296,89,
RescueGroups,https://userguide.rescuegroups.org/display/APIDG/API+Developers+Guide+Home,Error,,,
The Dog,https://thedogapi.com/,200,1.491,76273,
xeno-canto,https://xeno-canto.org/explore/api,200,1.5788,44926,
AniAPI,https://aniapi.com/docs/,Error,,,
AniList,https://github.com/AniList/ApiV2-GraphQL-Docs,200,1.9123,254248,
AnimeChan,https://github.com/RocktimSaikia/anime-chan,200,3.4317,294655,
AnimeFacts,https://chandan-02.github.io/anime-facts-rest-api/,200,1.4042,6706,
AnimeNewsNetwork,https://www.animenewsnetwork.com/encyclopedia/api.php,200,4.0397,112885,
Catboy,https://catboys.com/api,200,7.6348,114,
Danbooru Anime,https://danbooru.donmai.us/wiki_pages/help:api,200,0.615,62550,
Jikan,https://jikan.moe,200,0.2539,4225,
Kitsu,https://kitsu.docs.apiary.io/,200,0.525,5628,
Mangapi,https://rapidapi.com/pierre.carcellermeunier/api/mangapi3/,200,0.6774,192609,
MyAnimeList,https://myanimelist.net/clubs.php?cid=13727,200,1.281,61313,
NekosBest,https://docs.nekos.best,200,0.2206,11713,
Trace Moe,https://soruly.github.io/trace.moe-api/#/,200,0.1661,1322,
Waifu.im,https://waifu.im/docs,200,2.2848,165948,
Waifu.pics,https://waifu.pics/docs,200,0.2972,1785,
AbuseIPDB,https://docs.abuseipdb.com/,200,0.3804,121033,
AlienVault Open Threat Exchange (OTX),https://otx.alienvault.com/api,200,0.837,8492,
CAPEsandbox,https://capev2.readthedocs.io/en/latest/usage/api.html,200,0.1903,64907,
Google Safe Browsing,https://developers.google.com/safe-browsing/,200,0.4089,54207,
MalDatabase,https://maldatabase.com/api-doc.html,200,1.0908,21868,
MalShare,https://malshare.com/doc.php,200,0.4007,9143,
MalwareBazaar,https://bazaar.abuse.ch/api/,200,0.6319,141378,
Metacert,https://metacert.com/,200,0.5566,15325,
NoPhishy,https://rapidapi.com/Amiichu/api/exerra-phishing-check/,200,1.1538,174722,
Scanii,https://docs.scanii.com/,200,0.7345,13838,
URLhaus,https://urlhaus-api.abuse.ch/,200,0.1952,66285,
URLScan.io,https://urlscan.io/about-api/,200,0.2283,30209,
VirusTotal,https://www.virustotal.com/en/documentation/public-api/,200,0.7556,186516,
Art Institute of Chicago,https://api.artic.edu/docs/,200,0.8726,926931,
Colormind,http://colormind.io/api-access/,200,0.434,6267,
Cooper Hewitt,https://collection.cooperhewitt.org/api,200,3.9064,89463,
Dribbble,https://developer.dribbble.com,200,3.9168,2349,
EmojiHub,https://github.com/cheatsnake/emojihub,200,7.8146,271312,
Harvard Art Museums,https://github.com/harvardartmuseums/api-docs,200,8.1746,358924,
Icon Horse,https://icon.horse,200,3.5117,30171,
Iconfinder,https://developer.iconfinder.com,200,0.5801,346008,
Icons8,https://img.icons8.com/,200,0.2293,64853,
Lordicon,https://lordicon.com/,200,1.3807,252588,
Metropolitan Museum of Art,https://metmuseum.github.io/,200,0.1862,71948,
Noun Project,http://api.thenounproject.com/index.html,200,0.4757,68177,
PHP-Noise,https://php-noise.com/,200,0.2722,6482,
Rijksmuseum,https://data.rijksmuseum.nl/object-metadata/api/,200,1.323,14258,
Word Cloud,https://wordcloudapi.com/,200,3.518,19280,
Auth0,https://auth0.com,200,0.2572,38196,
GetOTP,https://otp.dev/en/docs/,200,0.7793,16621,
Micro User Service,https://m3o.com/user,200,0.5707,2308,
MojoAuth,https://mojoauth.com,200,0.3455,231028,
Stytch,https://stytch.com/,200,3.3821,483095,
Warrant,https://warrant.dev/,200,0.3437,314252,
Bitquery,https://graphql.bitquery.io/ide,200,1.0574,4229,
Chainlink,https://chain.link/developer-resources,200,0.8603,620154,
Chainpoint,https://tierion.com/chainpoint/,200,0.4284,235076,
Covalent,https://www.covalenthq.com/docs/api/,200,0.9213,107345,
Helium,https://docs.helium.com/api/blockchain/introduction/,200,0.3106,21806,
Nownodes,https://nownodes.io/,200,0.2016,192132,
Steem,https://developers.steem.io/,200,0.2985,10751,
The Graph,https://thegraph.com,200,1.1357,2273316,
Watchdata,https://docs.watchdata.io,200,0.2259,629026,
A Bíblia Digital,https://www.abibliadigital.com.br/en,200,0.4938,9400,
Bhagavad Gita,https://docs.bhagavadgitaapi.in,200,0.2032,1070,
Bhagavad Gita,https://bhagavadgita.io/api,200,0.4846,104762,
Bhagavad Gita telugu,https://gita-api.vercel.app,200,0.3549,241,
Bible-api,https://bible-api.com/,200,0.7153,11043,
Crossref Metadata Search,https://github.com/CrossRef/rest-api-doc,200,5.7984,530957,
Ganjoor,https://api.ganjoor.net,200,0.3909,714,
Google Books,https://developers.google.com/books/,200,0.4915,55534,
Gutendex,https://gutendex.com/,200,0.2295,9434,
Open Library,https://openlibrary.org/developers/api,200,0.9541,34799,
Penguin Publishing,http://www.penguinrandomhouse.biz/webservices/rest/,200,1.2759,150136,
PoetryDB,https://github.com/thundercomb/poetrydb#readme,200,5.2861,455712,
Quran,https://quran.api-docs.io/,200,0.9967,54158,
Quran Cloud,https://alquran.cloud/api,200,0.461,47472,
Quran-api,https://github.com/fawazahmed0/quran-api#readme,200,5.1783,358333,
The Bible,https://docs.api.bible,200,0.2571,50431,
Thirukkural,https://api-thirukkural.web.app/,200,0.2397,12348,
Wizard World,https://wizard-world-api.herokuapp.com/swagger/index.html,200,0.361,3188,
Wolne Lektury,https://wolnelektury.pl/api/,200,0.2398,23822,
Apache Superset,https://superset.apache.org/docs/api,200,0.305,19774,
Charity Search,http://charityapi.orghunter.com/,200,0.6245,101560,
Clearbit Logo,https://clearbit.com/docs#logo-api,200,1.4934,2592,
Domainsdb.info,https://domainsdb.info/,200,0.7145,6533,
Freelancer,https://developers.freelancer.com,200,0.5481,1240,
Gmail,https://developers.google.com/gmail/api/,200,0.7912,183675,
Google Analytics,https://developers.google.com/analytics/,200,0.8867,133402,
Instatus,https://instatus.com/help/api,200,0.2283,84989,
Mailchimp,https://mailchimp.com/developer/,200,0.5076,245542,
mailjet,https://www.mailjet.com/,200,0.4408,650251,
markerapi,https://markerapi.com,200,1.3755,22628,
Redash,https://redash.io/help/user-guide/integrations-and-api/api,200,1.1974,200795,
Smartsheet,https://smartsheet.redoc.ly/,200,0.8204,26160,
Square,https://developer.squareup.com/reference/square,200,4.21,92133,
Tenders in Hungary,https://tenders.guru/hu/api,200,0.313,15196,
Tenders in Poland,https://tenders.guru/pl/api,200,0.2977,15191,
Tenders in Romania,https://tenders.guru/ro/api,200,0.3519,15196,
Tenders in Spain,https://tenders.guru/es/api,200,0.3355,15186,
Tenders in Ukraine,https://tenders.guru/ua/api,200,0.3053,15196,
Tomba email finder,https://tomba.io/api,200,0.2785,79275,
Trello,https://developers.trello.com/,200,0.4817,3011,
Public Holidays,https://www.abstractapi.com/holidays-api,200,0.596,466700,
Calendarific,https://calendarific.com/,200,0.2671,134976,
Checkiday - National Holiday API,https://apilayer.com/marketplace/checkiday-api,200,0.4985,64456,
Church Calendar,http://calapi.inadiutorium.cz/,200,0.0997,1583,
Czech Namedays Calendar,https://svatky.adresa.info,200,0.1773,3021,
Festivo Public Holidays,https://docs.getfestivo.com/docs/products/public-holidays-api/intro,200,0.2242,17908,
Google Calendar,https://developers.google.com/google-apps/calendar/,200,0.6938,153429,
Hebrew Calendar,https://www.hebcal.com/home/developer-apis,200,0.545,33207,
LectServe,http://www.lectserve.com,200,0.9208,8588,
Nager.Date,https://date.nager.at,200,0.2282,13928,
Namedays Calendar,https://nameday.abalin.net,200,0.3034,71523,
Non-Working Days,https://github.com/gadael/icsdb,200,2.994,266360,
Non-Working Days,https://isdayoff.ru,200,0.5979,11212,
Russian Calendar,https://github.com/egno/work-calendar,200,3.1021,265802,
UK Bank Holidays,https://www.gov.uk/bank-holidays.json,200,0.1848,20032,
Box,https://developer.box.com/,200,0.4683,262953,
ddownload,https://ddownload.com/api,200,0.2933,36536,
Dropbox,https://www.dropbox.com/developers,200,0.9001,433381,
File.io,https://www.file.io,200,0.2499,566936,
Filestack,https://www.filestack.com,200,0.3325,563911,
GoFile,https://gofile.io/api,200,0.3109,7507,
Google Drive,https://developers.google.com/drive/,200,0.7219,156427,
Gyazo,https://gyazo.com/api/docs,200,0.2817,16000,
Imgbb,https://api.imgbb.com/,200,0.2682,15022,
OneDrive,https://developer.microsoft.com/onedrive,200,0.4352,96072,
Pantry,https://getpantry.cloud/,200,0.6469,2079,
Pastebin,https://pastebin.com/doc_api,200,0.2924,78455,
Pinata,https://docs.pinata.cloud/,200,0.5694,410472,
Quip,https://quip.com/dev/automation/documentation,200,1.9384,2165307,
Storj,https://docs.storj.io/dcs/,200,0.6551,745185,
The Null Pointer,https://0x0.st,200,0.177,16117,
Web3 Storage,https://web3.storage/,200,0.1772,49650,
Azure DevOps Health,https://docs.microsoft.com/en-us/rest/api/resourcehealth,200,2.0537,35676,
Bitrise,https://api-docs.bitrise.io/,200,1.4318,1386,
Buddy,https://buddy.works/docs/api/getting-started/overview,200,2.0285,420445,
CircleCI,https://circleci.com/docs/api/v1-reference/,200,1.9662,217721,
Codeship,https://docs.cloudbees.com/docs/cloudbees-codeship/latest/api-overview/,200,1.5078,299331,
Travis CI,https://docs.travis-ci.com/api/,200,1.1517,146767,
1inch,https://1inch.io/api/,200,1.4552,295674,
Alchemy Ethereum,https://docs.alchemy.com/alchemy/,200,2.2897,1511256,
apilayer coinlayer,https://coinlayer.com,200,3.7313,49262,
Binance,https://github.com/binance/binance-spot-api-docs,200,1.6947,327196,
BitcoinAverage,https://apiv2.bitcoinaverage.com/,200,0.6974,210376,
Bitfinex,https://docs.bitfinex.com/docs,200,0.2971,823134,
Bitmex,https://www.bitmex.com/app/apiOverview,200,0.5402,85759,
Blockchain,https://www.blockchain.com/api,200,1.5958,210014,
blockfrost Cardano,https://blockfrost.io/,200,1.5203,4993,
Brave NewCoin,https://bravenewcoin.com/developers,200,1.0314,282205,
BtcTurk,https://docs.btcturk.com/,200,0.2276,187341,
CoinAPI,https://docs.coinapi.io/,200,0.2677,13837,
Coinbase Pro,https://docs.pro.coinbase.com/#api,200,0.8839,331,
CoinCap,https://docs.coincap.io/,200,0.8736,1840,
CoinDCX,https://docs.coindcx.com/,200,0.6254,1099997,
Coinigy,https://coinigy.docs.apiary.io,200,0.4332,5660,
Coinlib,https://coinlib.io/apidocs,200,0.4206,83145,
Coinlore,https://www.coinlore.com/cryptocurrency-data-api,200,0.392,172593,
CoinMarketCap,https://coinmarketcap.com/api/,200,0.3649,78694,
Coinpaprika,https://api.coinpaprika.com,200,0.2466,1919,
CoinRanking,https://developers.coinranking.com/api/documentation,200,0.2982,54288,
Coinremitter,https://coinremitter.com/docs,200,0.6126,655055,
CoinStats,https://documenter.getpostman.com/view/5734027/RzZ6Hzr3?version=latest,200,1.1827,40103,
CryptAPI,https://docs.cryptapi.io/,200,1.138,342609,
CryptoCompare,https://www.cryptocompare.com/api#,200,1.0988,7167,
CryptoMarket,https://api.exchange.cryptomkt.com/,200,0.4219,538191,
dYdX,https://docs.dydx.exchange/,200,0.4667,156952,
Ethplorer,https://github.com/EverexIO/Ethplorer/wiki/Ethplorer-API,200,0.6961,255518,
EXMO,https://documenter.getpostman.com/view/10287440/SzYXWKPi,200,1.5064,44683,
FTX,https://docs.ftx.com/,200,0.7075,2656,
Gateio,https://www.gate.io/api2,200,2.719,3522668,
Gemini,https://docs.gemini.com/rest-api/,200,1.2436,354449,
Hirak Exchange Rates,https://rates.hirak.site/,200,0.4674,478,
Huobi,https://huobiapi.github.io/docs/spot/v1/en/,200,0.4816,830811,
icy.tools,https://developers.icy.tools/,200,1.552,882721,
Indodax,https://github.com/btcid/indodax-official-api-docs,200,0.8506,244909,
Kraken,https://docs.kraken.com/rest/,200,0.5609,14743,
KuCoin,https://docs.kucoin.com/,200,0.9444,121785,
Mempool,https://mempool.space/api,200,0.3173,2770,
Nexchange,https://nexchange2.docs.apiary.io/,200,0.4429,5645,
NovaDax,https://doc.novadax.com/en-US/#introduction,200,0.4335,159850,
Poloniex,https://docs.poloniex.com,200,0.9329,9199,
Solana JSON RPC,https://docs.solana.com/developing/clients/jsonrpc-api,200,0.6067,1632400,
Technical Analysis,https://technical-analysis-api.com,200,0.2508,2632,
VALR,https://docs.valr.com/,200,0.7413,62616,
WorldCoinIndex,https://www.worldcoinindex.com/apiservice,200,0.4907,54562,
1Forge,https://1forge.com/forex-data-api/api-documentation,200,0.3807,3543,
Amdoren,https://www.amdoren.com/currency-api/,200,0.7019,11339,
apilayer fixer.io,https://fixer.io,200,0.6012,63624,
Bank of Russia,https://www.cbr.ru/development/SXML/,200,0.3447,31061,
Currency-api,https://github.com/fawazahmed0/currency-api#readme,200,0.7314,225024,
CurrencyFreaks,https://currencyfreaks.com/,200,0.3354,164106,
Currencylayer,https://currencylayer.com/documentation,200,0.7219,111729,
CurrencyScoop,https://currencyscoop.com/api-documentation,200,0.6503,37206,
Czech National Bank,https://www.cnb.cz/cs/financni_trhy/devizovy_trh/kurzy_devizoveho_trhu/denni_kurz.xml,200,0.3133,148,
Economia.Awesome,https://docs.awesomeapi.com.br/api-de-moedas,200,0.2895,788429,
ExchangeRate-API,https://www.exchangerate-api.com,200,0.1994,225695,
Exchangerate.host,https://exchangerate.host,200,0.599,47050,
Exchangeratesapi.io,https://exchangeratesapi.io,200,0.5242,153557,
Frankfurter,https://www.frankfurter.app/docs,200,0.6001,10235,
FreeForexAPI,https://freeforexapi.com/Home/Api,200,0.375,12825,
National Bank of Poland,http://api.nbp.pl/en.html,200,1.1201,20017,
VATComply.com,https://www.vatcomply.com/documentation,200,1.1823,32814,
Lob.com,https://lob.com/,200,3.613,72319,
Postman Echo,https://www.postman-echo.com,Error,,,
PurgoMalum,http://www.purgomalum.com,200,1.0278,12115,
US Autocomplete,https://www.smarty.com/docs/cloud/us-autocomplete-pro-api,200,0.2321,177505,
US Extract,https://www.smarty.com/products/apis/us-extract-api,200,0.2032,180733,
US Street Address,https://www.smarty.com/docs/cloud/us-street-api,200,0.2351,294865,
vatlayer,https://vatlayer.com/documentation,200,0.8559,359602,
24 Pull Requests,https://24pullrequests.com/api,200,0.6176,30939,
Screenshot,https://www.abstractapi.com/website-screenshot-api,200,10.4404,483292,
Agify.io,https://agify.io,200,0.731,274867,
API Grátis,https://apigratis.com.br/,200,2.0102,87859,
ApicAgent,https://www.apicagent.com,200,0.2694,34482,
ApiFlash,https://apiflash.com/,200,1.5701,77398,
apilayer userstack,https://userstack.com/,200,1.6938,43064,
APIs.guru,https://apis.guru/api-doc/,200,1.414,6653,
Azure DevOps,https://docs.microsoft.com/en-us/rest/api/azure/devops,200,3.364,54829,
Beeceptor,https://beeceptor.com/,200,3.0728,43189,
Bitbucket,https://developer.atlassian.com/bitbucket/api/2/reference/,200,4.0749,205829,
Blague.xyz,https://blague.xyz/,200,1.3969,114,
Blitapp,https://blitapp.com/api/,200,15.7066,3741,
Blynk-Cloud,https://blynkapi.docs.apiary.io/#,200,15.6719,5631,
Browshot,https://browshot.com/api/documentation,200,0.7117,244154,
CDNJS,https://api.cdnjs.com/libraries/jquery,200,0.2701,2339,
Ciprand,https://github.com/polarspetroll/ciprand,200,1.7609,242442,
Cloudflare Trace,https://github.com/fawazahmed0/cloudflare-trace-api,200,1.7714,265597,
Codex,https://github.com/Jaagrav/CodeX,200,1.6144,245418,
Contentful Images,https://www.contentful.com/developers/docs/references/images-api/,200,1.2198,258155,
CORS Proxy,https://github.com/burhanuday/cors-proxy,200,1.4819,239298,
Databricks,https://docs.databricks.com/dev-tools/api/latest/index.html,200,0.1796,21289,
DigitalOcean Status,https://status.digitalocean.com/api,200,0.4425,110139,
Docker Hub,https://docs.docker.com/docker-hub/api/latest/,200,0.2548,1140,
DomainDb Info,https://api.domainsdb.info/,200,0.4631,3172,
ExtendsClass JSON Storage,https://extendsclass.com/json-storage.html,200,0.2417,116057,
Genderize.io,https://genderize.io,200,0.7605,283319,
Ghost,https://ghost.org/,200,0.265,132507,
GitHub,https://docs.github.com/en/free-pro-team@latest/rest,200,0.4014,335322,
Gitlab,https://docs.gitlab.com/ee/api/,200,0.2826,15788,
Glitterly,https://developers.glitterly.app,200,0.9049,43095,
Google Docs,https://developers.google.com/docs/api/reference/rest,200,0.6697,149704,
Google Firebase,https://firebase.google.com/docs,200,0.401,188104,
Google Fonts,https://developers.google.com/fonts/docs/developer_api,200,0.706,63950,
Google Keep,https://developers.google.com/keep/api/reference/rest,200,0.7561,136431,
Google Sheets,https://developers.google.com/sheets/api/reference/rest,200,0.6812,178729,
Google Slides,https://developers.google.com/slides/api/reference/rest,200,0.9308,161107,
Gorest,https://gorest.co.in/,200,1.0607,15020,
Hasura,https://hasura.io/opensource/,200,0.2807,338253,
Heroku,https://devcenter.heroku.com/articles/platform-api-reference/,200,0.2861,954812,
Host.io,https://host.io,200,0.4927,55893,
Httpbin,https://httpbin.org/,200,4.0415,9593,
Hunter,https://hunter.io/api,200,0.4772,337519,
IBM Text to Speech,https://cloud.ibm.com/docs/text-to-speech/getting-started.html,200,0.6051,1868910,
Icanhazepoch,https://icanhazepoch.com,200,0.8559,358,
Icanhazip,https://major.io/icanhazip-com-faq/,200,0.2108,32692,
IFTTT,https://platform.ifttt.com/docs/connect_api,200,1.6648,132198,
Image-Charts,https://documentation.image-charts.com/,200,0.3399,22626,
import.io,http://api.docs.import.io/,200,0.3518,402,
ip-fast.com,https://ip-fast.com/docs/,200,0.6893,478,
IP2WHOIS Information Lookup,https://www.ip2whois.com/,200,0.7961,41037,
ipfind.io,https://ipfind.io,200,1.334,28121,
IPify,https://www.ipify.org/,200,1.252,34530,
IPinfo,https://ipinfo.io/developers,200,3.3734,143373,
jsDelivr,https://github.com/jsdelivr/data.jsdelivr.com,200,3.9919,314583,
JSON 2 JSONP,https://json2jsonp.com/,200,0.3911,5352,
JSONbin.io,https://jsonbin.io,200,0.7473,49314,
Kroki,https://kroki.io,200,0.2092,50002,
License-API,https://github.com/cmccandless/license-api/blob/master/README.md,200,3.5023,193676,
MAC address vendor lookup,https://macaddress.io/api,200,0.4254,57474,
Micro DB,https://m3o.com/db,200,0.4699,2308,
MicroENV,https://microenv.com/,200,0.3313,26122,
Mocky,https://designer.mocky.io/,200,0.2648,3977,
MY IP,https://www.myip.com/api-docs/,200,0.6627,5492,
Nationalize.io,https://nationalize.io,200,0.6746,273192,
Netlify,https://docs.netlify.com/api/get-started/,200,0.3503,104704,
NetworkCalc,https://networkcalc.com/api/docs,200,0.5915,21543,
npm Registry,https://github.com/npm/registry/blob/master/docs/REGISTRY-API.md,200,3.2511,222666,
Open Page Rank,https://www.domcop.com/openpagerank/,200,0.4299,17458,
OpenAPIHub,https://hub.openapihub.com/,200,0.919,5136,
OpenGraphr,https://opengraphr.com/docs/1.0/overview,200,0.9294,1092,
oyyi,https://oyyi.xyz/docs/1.0,200,0.9667,61077,
PageCDN,https://pagecdn.com/docs/public-api,200,1.3997,12415,
Postman,https://www.postman.com/postman/workspace/postman-public-workspace/documentation/12959542-c8142d51-e97c-46b6-bd77-52bb66712c9a,200,1.4795,106060,
ProxyCrawl,https://proxycrawl.com,200,1.6338,151566,
Pusher Beams,https://pusher.com/beams,200,1.0951,289925,
QR code,https://www.qrtag.net/api/,200,0.4088,5969,
QR code,http://goqr.me/api/,200,0.405,8119,
Qrcode Monkey,https://www.qrcode-monkey.com/qr-code-api-with-logo/,200,1.3748,54090,
QuickChart,https://quickchart.io/,200,1.3905,65558,
Rejax,https://rejax.io/,200,0.3208,23055,
SavePage.io,https://www.savepage.io,200,1.0275,29434,
ScrapeNinja,https://scrapeninja.net,Error,,,
ScraperApi,https://www.scraperapi.com,200,0.3006,1711965,
scrapestack,https://scrapestack.com/,200,0.5773,38820,
ScrapingAnt,https://scrapingant.com,200,0.3167,51594,
ScrapingDog,https://www.scrapingdog.com/,200,1.2888,568091,
ScreenshotAPI.net,https://screenshotapi.net/,200,0.3053,94177,
Serialif Color,https://color.serialif.com/,200,0.4986,32904,
serpstack,https://serpstack.com/,200,0.5947,50318,
Sheetsu,https://sheetsu.com/,200,1.3803,85037,
SHOUTCLOUD,http://shoutcloud.io/,200,0.7407,64928,
Sonar,https://github.com/Cgboal/SonarSearch,200,1.3729,308269,
SonarQube,https://sonarcloud.io/web_api,200,0.3698,28740,
StackExchange,https://api.stackexchange.com/,200,1.1768,62055,
Statically,https://statically.io/,200,0.4251,81659,
Supportivekoala,https://developers.supportivekoala.com/,200,0.3278,46965,
WebScraping.AI,https://webscraping.ai/,200,0.7943,74556,
Chinese Text Project,https://ctext.org/tools/api,200,0.7203,92873,
Collins,https://api.collinsdictionary.com/api/v1/documentation/html/,200,0.4576,68190,
Free Dictionary,https://dictionaryapi.dev/,200,1.3252,5948,
Lingua Robot,https://www.linguarobot.io,200,3.159,30121,
Merriam-Webster,https://dictionaryapi.com/,200,0.7019,11449,
Oxford,https://developer.oxforddictionaries.com/,200,0.8921,30562,
Wiktionary,https://en.wiktionary.org/w/api.php,200,0.8671,60620,
Wordnik,https://developer.wordnik.com,200,1.8611,17416,
Words,https://www.wordsapi.com/docs/,200,1.4938,61383,
Airtable,https://airtable.com/api,200,1.2713,532688,
Api2Convert,https://www.api2convert.com/,200,0.4512,50934,
apilayer pdflayer,https://pdflayer.com,200,1.0578,340576,
Asana,https://developers.asana.com/docs,200,3.1143,568373,
ClickUp,https://clickup.com/api,200,3.3075,651553,
CloudConvert,https://cloudconvert.com/api/v2,200,0.3785,106371,
Cloudmersive Document and Data Conversion,https://cloudmersive.com/convert-api,200,0.8048,66471,
Code::Stats,https://codestats.net/api-docs,200,1.2598,12128,
CraftMyPDF,https://craftmypdf.com,200,0.2925,406687,
Flowdash,https://docs.flowdash.com/docs/api-introduction,200,1.2404,493,
Html2PDF,https://html2pdf.app/,200,0.297,274608,
iLovePDF,https://developer.ilovepdf.com/,200,1.5544,38857,
JIRA,https://developer.atlassian.com/server/jira/platform/rest-apis/,200,0.9956,814771,
Mattermost,https://api.mattermost.com/,200,0.6907,34161,
Notion,https://developers.notion.com/docs/getting-started,200,0.2019,759599,
PandaDoc,https://developers.pandadoc.com,200,0.3343,1648217,
Pocket,https://getpocket.com/developer/,200,0.9466,12105,
Podio,https://developers.podio.com,200,0.3283,14395,
PrexView,https://prexview.com,200,0.6037,29903,
Restpack,https://restpack.io/,200,1.5012,10499,
Todoist,https://developer.todoist.com,200,1.2271,407,
Smart Image Enhancement API,https://apilayer.com/marketplace/image_enhancement-api,200,1.6258,113015,
Vector Express v2.0,https://vector.express,200,1.1419,5603,
WakaTime,https://wakatime.com/developers,200,1.0231,196490,
Zube,https://zube.io/docs/api,200,0.3255,434166,
apilayer mailboxlayer,https://mailboxlayer.com,200,0.7731,334938,
Email Validation,https://www.abstractapi.com/email-verification-validation-api,200,5.8032,526702,
Cloudmersive Validate,https://cloudmersive.com/validate-api,200,0.6797,65707,
Disify,https://www.disify.com/,200,0.2225,30008,
DropMail,https://dropmail.me/api/#live-demo,200,0.2139,53983,
EVA,https://eva.pingutil.com/,200,0.1701,2594,
Guerrilla Mail,https://www.guerrillamail.com/GuerrillaMailAPI.html,200,0.1985,58982,
ImprovMX,https://improvmx.com/api,200,0.3375,145654,
Kickbox,https://open.kickbox.com/,200,0.4606,6289,
mail.gw,https://docs.mail.gw,200,0.3528,105588,
mail.tm,https://docs.mail.tm,200,0.259,108404,
MailboxValidator,https://www.mailboxvalidator.com/api-email-free,200,0.4637,38090,
MailCheck.ai,https://www.mailcheck.ai/#documentation,200,0.3558,108870,
Mailtrap,https://mailtrap.docs.apiary.io/#,200,0.3513,5673,
Sendgrid,https://docs.sendgrid.com/api-reference/,200,0.4271,442570,
Sendinblue,https://developers.sendinblue.com/docs,200,0.483,919451,
Verifier,https://verifier.meetchopra.com/docs#/,200,1.5877,103068,
chucknorris.io,https://api.chucknorris.io,200,0.4621,15307,
Corporate Buzz Words,https://github.com/sameerkumar18/corporate-bs-generator-api,200,0.7828,271520,
Fun Fact,https://api.aakhilv.me,200,0.2368,476,
Imgflip,https://imgflip.com/api,200,0.2729,27776,
Meme Maker,https://mememaker.github.io/API/,200,0.1543,13464,
NaMoMemes,https://github.com/theIYD/NaMoMemes,200,0.7118,250411,
Random Useless Facts,https://uselessfacts.jsph.pl/,200,0.1837,3114,
Techy,https://techy-api.vercel.app/,200,0.1797,1134,
Yo Momma Jokes,https://github.com/beanboi7/yomomma-apiv2,200,0.629,265041,
BreezoMeter Pollen,https://docs.breezometer.com/api-documentation/pollen-api/v2/,200,0.256,44936,
Carbon Interface,https://docs.carboninterface.com/,200,0.35,2419,
Climatiq,https://docs.climatiq.io,200,0.5694,56957,
CO2 Offset,https://co2offset.io/api.html,200,0.866,76590,
Danish data service Energi,https://www.energidataservice.dk/,200,0.3498,21186,
GrünstromIndex,https://gruenstromindex.de/,200,0.2509,2931,
Luchtmeetnet,https://api-docs.luchtmeetnet.nl/,200,1.0775,44934,
National Grid ESO,https://data.nationalgrideso.com/,200,0.8782,186749,
OpenAQ,https://docs.openaq.org/,200,0.2158,32895,
PM2.5 Open Data Portal,https://pm25.lass-net.org/#apis,200,0.7636,42712,
PVWatts,https://developer.nrel.gov/docs/solar/pvwatts/v6/,200,1.0627,65307,
Srp Energy,https://srpenergy-api-client-python.readthedocs.io/en/latest/api.html,200,0.1921,14756,
UK Carbon Intensity,https://carbon-intensity.github.io/api-definitions/#carbon-intensity-api-v1-0-0,200,0.1821,604541,
Website Carbon,https://api.websitecarbon.com/,200,0.1799,21071,
Eventbrite,https://www.eventbrite.com/platform/api/,200,0.6135,38304,
SeatGeek,https://platform.seatgeek.com/,200,0.4306,3130,
Ticketmaster,http://developer.ticketmaster.com/products-and-docs/apis/getting-started/,200,0.8473,71764,
VAT Validation,https://www.abstractapi.com/vat-validation-rates-api,200,5.6199,471493,
Alpaca,https://alpaca.markets/docs/api-documentation/api-v2/market-data/alpaca-data-api-v2/,200,0.5866,881161,
Alpha Vantage,https://www.alphavantage.co/,200,0.4487,15196,
apilayer marketstack,https://marketstack.com/,200,1.6337,146817,
Bank Data API,https://apilayer.com/marketplace/bank_data-api,200,0.6401,75433,
Billplz,https://www.billplz.com/api,200,0.9599,367433,
Binlist,https://binlist.net/,200,0.4832,10284,
Boleto.Cloud,https://boleto.cloud/,200,0.8757,236981,
Econdb,https://www.econdb.com/api/,200,0.4372,331,
Fed Treasury,https://fiscaldata.treasury.gov/api-documentation/,200,0.8107,502423,
Finage,https://finage.co.uk,200,0.4183,235638,
Financial Modeling Prep,https://site.financialmodelingprep.com/developer/docs,200,0.2232,391607,
Finnhub,https://finnhub.io/docs/api,200,0.4317,412697,
FRED,https://fred.stlouisfed.org/docs/api/fred/,200,0.3698,36570,
Front Accounting APIs,https://frontaccounting.com/fawiki/index.php?n=Devel.SimpleAPIModule,200,0.959,38468,
Hotstoks,https://hotstoks.com,200,0.7394,8540,
IG,https://labs.ig.com/gettingstarted,200,0.3156,27926,
Indian Mutual Fund,https://www.mfapi.in/,200,0.7069,7610,
Intrinio,https://intrinio.com/,200,0.8538,113264,
Klarna,https://docs.klarna.com/klarna-payments/api/payments-api/,200,1.5781,453019,
MercadoPago,https://www.mercadopago.com.br/developers/es/reference,200,2.3465,1177186,
Mono,https://mono.co/,200,1.3756,117246,
Moov,https://docs.moov.io/api/,200,0.313,67471,
OpenFIGI,https://www.openfigi.com/api,200,1.031,63049,
Plaid,https://www.plaid.com/docs,200,4.645,114839,
Polygon,https://polygon.io/,200,3.5724,302475,
Portfolio Optimizer,https://portfoliooptimizer.io/,200,0.188,23213,
Razorpay IFSC,https://razorpay.com/docs/,200,0.257,594068,
Real Time Finance,https://github.com/Real-time-finance/finance-websocket-API/,200,0.6759,256789,
SmartAPI,https://smartapi.angelbroking.com/,200,0.5575,3895,
StockData,https://www.StockData.org,200,0.6171,40677,
Styvio,https://www.Styvio.com,200,0.3812,114,
Tax Data API,https://apilayer.com/marketplace/tax_data-api,200,0.6141,66977,
Tradier,https://developer.tradier.com,200,0.7232,35091,
Twelve Data,https://twelvedata.com/,200,0.6199,801901,
WallstreetBets,https://dashboard.nbshare.io/apps/reddit/api/,200,1.0078,367243,
YNAB,https://api.youneedabudget.com/,200,0.7587,65270,
Zoho Books,https://www.zoho.com/books/api/v3/,200,0.6359,179291,
BaconMockup,https://baconmockup.com/,200,7.5919,19106,
Chomp,https://chompthis.com/api/,200,0.6587,48712,
Coffee,https://coffee.alexflipnote.dev/,200,1.2973,1629,
Edamam nutrition,https://developer.edamam.com/edamam-docs-nutrition-api,200,3.6706,33616,
Edamam recipes,https://developer.edamam.com/edamam-docs-recipe-api,200,3.6137,32715,
Foodish,https://github.com/surhud004/Foodish#readme,200,0.7523,315040,
Fruityvice,https://www.fruityvice.com,200,0.279,6102,
Kroger,https://developer.kroger.com/reference,200,0.2311,63,
LCBO,https://lcboapi.com/,200,0.3341,307,
Open Brewery DB,https://www.openbrewerydb.org,200,0.4183,13048,
Spoonacular,https://spoonacular.com/food-api,200,0.399,31367,
TacoFancy,https://github.com/evz/tacofancy-api,200,1.6968,275292,
Tasty,https://rapidapi.com/apidojo/api/tasty/,200,1.9381,195921,
The Report of the Week,https://github.com/andyklimczak/TheReportOfTheWeek-API,200,1.5432,289638,
TheCocktailDB,https://www.thecocktaildb.com/api.php,200,0.3011,10558,
TheMealDB,https://www.themealdb.com/api.php,200,0.2658,9681,
What's on the menu?,http://nypl.github.io/menus-api/,200,0.1047,49842,
WhiskyHunter,https://whiskyhunter.net/api/,200,0.3585,45862,
Zestful,https://zestfuldata.com/,200,0.2474,230228,
AmiiboAPI,https://amiiboapi.com/,200,0.7124,10405,
Autochess VNG,https://github.com/didadadida93/autochess-vng-api,200,1.4407,306271,
Barter.VG,https://github.com/bartervg/barter.vg/wiki,200,1.1554,273113,
Battle.net,https://develop.battle.net/documentation/guides/getting-started,200,0.9347,2594,
Board Game Geek,https://boardgamegeek.com/wiki/page/BGG_XML_API2,200,0.3032,38915,
Brawl Stars,https://developer.brawlstars.com,200,0.6594,2053,
CheapShark,https://www.cheapshark.com/api,200,1.1602,44780,
Chess.com,https://www.chess.com/news/view/published-data-api,200,0.5629,184846,
Chuck Norris Database,http://www.icndb.com/api/,200,1.1624,31943,
Clash of Clans,https://developer.clashofclans.com,200,0.6149,2387,
Clash Royale,https://developer.clashroyale.com,200,0.6039,2343,
Crafatar,https://crafatar.com,200,0.206,16748,
Cross Universe,https://crossuniverse.psychpsyo.com/apiDocs.html,200,1.6843,79419,
Deck of Cards,http://deckofcardsapi.com/,200,1.1362,23229,
Destiny The Game,https://bungie-net.github.io/multi/index.html,200,0.3229,329499,
Digimon Information,https://digimon-api.vercel.app/,200,0.4973,5859,
Digimon TCG,https://documenter.getpostman.com/view/14059948/TzecB4fH,200,2.3855,40353,
Disney,https://disneyapi.dev,200,0.2518,20066,
Dota 2,https://docs.opendota.com/,200,3.4127,511,
Dungeons and Dragons,https://www.dnd5eapi.co/docs/,200,0.8764,10685,
Dungeons and Dragons (Alternate),https://open5e.com/,200,0.6453,51750,
Eve Online,https://esi.evetech.net/ui,200,1.3833,13600,
FFXIV Collect,https://ffxivcollect.com/,200,0.7588,16309,
Final Fantasy XIV,https://xivapi.com/,200,1.5406,28097,
FunTranslations,https://api.funtranslations.com/,200,0.74,3814,
GDBrowser,https://gdbrowser.com/api,200,0.5978,2465,
Geek-Jokes,https://github.com/sameerkumar18/geek-joke-api,200,3.9506,297719,
Genshin Impact,https://genshin.dev,200,0.2465,1243,
GraphQL Pokemon,https://github.com/favware/graphql-pokemon,200,4.3692,420941,
Guild Wars 2,https://wiki.guildwars2.com/wiki/API:Main,200,0.7371,61557,
GW2Spidy,https://github.com/rubensayshi/gw2spidy/wiki,200,3.1785,184416,
Halo,https://developer.haloapi.com/,200,0.8577,6062,
Hearthstone,http://hearthstoneapi.com/,200,4.0082,67768,
Humble Bundle,https://rapidapi.com/Ziggoto/api/humble-bundle,200,0.7245,188386,
Humor,https://humorapi.com,200,0.3518,19129,
Hypixel,https://api.hypixel.net/,200,1.7276,1396472,
Hyrule Compendium,https://github.com/gadhagod/Hyrule-Compendium-API,200,3.0619,288200,
JokeAPI,https://sv443.net/jokeapi/v2/,200,3.4159,116411,
Jokes One,https://jokes.one/api/joke/,Error,,,
Lichess,https://lichess.org/api,200,0.5614,6276854,
Magic The Gathering,http://magicthegathering.io/,200,0.5645,6238,
Marvel,https://developer.marvel.com,200,2.1105,40393,
Minecraft Server Status,https://api.mcsrvstat.us,200,0.2427,18174,
mod.io,https://docs.mod.io,200,0.3229,26738,
Monster Hunter World,https://docs.mhw-db.com/,200,0.2004,249399,
Open Trivia,https://opentdb.com/api_config.php,200,0.7019,13210,
PandaScore,https://developers.pandascore.co/,200,0.6214,687955,
PlayerDB,https://playerdb.co/,200,0.2798,4563,
Pokéapi,https://pokeapi.co,200,0.3221,16374,
PokéAPI (GraphQL),https://github.com/mazipan/graphql-pokeapi,200,2.4939,367476,
Pokémon TCG,https://pokemontcg.io,200,1.5306,8779,
Psychonauts,https://psychonauts-api.netlify.app/,200,1.3411,2053,
PUBG,https://developer.pubg.com/,200,0.5224,5798,
Puyo Nexus,https://github.com/deltadex7/puyodb-api-deno,200,2.1473,288694,
quizapi.io,https://quizapi.io/,200,0.7459,54311,
Raider,https://raider.io/api,200,1.3959,4304,
RAWG.io,https://rawg.io/apidocs,200,0.4532,410576,
Rick and Morty,https://rickandmortyapi.com,200,0.2847,74821,
Riot Games,https://developer.riotgames.com/,200,1.0246,15830,
RPS 101,https://rps101.pythonanywhere.com/api,200,0.5344,3741,
RuneScape,https://runescape.wiki/w/Application_programming_interface,200,0.2868,163452,
Sakura CardCaptor,https://github.com/JessVel/sakura-card-captor-api,200,1.3567,261839,
Scryfall,https://scryfall.com/docs/api,200,0.5419,67887,
SpaceTradersAPI,https://spacetraders.io?rel=pub-apis,200,0.5897,62375,
Steam,https://steamapi.xpaw.me/,200,0.4043,367791,
Steam,https://github.com/Revadike/InternalSteamWebAPI/wiki,200,0.958,496625,
SuperHeroes,https://superheroapi.com,200,0.6715,20837,
TCGdex,https://www.tcgdex.net/docs,200,0.67,52587,
Tebex,https://docs.tebex.io/plugin/,200,0.5793,144690,
Universalis,https://universalis.app/docs/index.html,200,2.3232,17615,
Valorant (non-official),https://valorant-api.com,200,0.2875,19764,
Warface (non-official),https://api.wfstats.cf,200,0.5931,2031,
Wargaming.net,https://developers.wargaming.net/,200,0.2511,18827,
When is next MCU film,https://github.com/DiljotSG/MCU-Countdown/blob/develop/docs/API.md,200,0.6945,184492,
xkcd,https://xkcd.com/json.html,200,0.3647,555,
Yu-Gi-Oh!,https://db.ygoprodeck.com/api-guide/,200,3.7782,125873,
IP Geolocation,https://www.abstractapi.com/ip-geolocation-api,200,0.6802,529062,
Actinia Grass GIS,https://actinia.mundialis.de/api_docs/,Error,,,
administrative-divisons-db,https://github.com/kamikazechaser/administrative-divisions-db,200,1.7349,254897,
adresse.data.gouv.fr,https://adresse.data.gouv.fr,200,1.4144,152349,
Airtel IP,https://sys.airtel.lv/ip2country/1.1.1.1/?full=true,200,1.448,60,
Apiip,https://apiip.net/,200,1.3984,5201,
apilayer ipstack,https://ipstack.com/,200,3.9264,90883,
Battuta,http://battuta.medunes.net,200,0.3002,34596,
Bing Maps,https://www.microsoft.com/maps/,200,3.3538,201253,
bng2latlong,https://www.getthedata.com/bng2latlong,200,1.2349,22853,
Cartes.io,https://github.com/M-Media-Group/Cartes.io/wiki/API,200,3.6311,278366,
Cep.la,http://cep.la/,200,0.1677,1022,
CitySDK,http://www.citysdk.eu/citysdk-toolkit/,200,0.4988,32637,
Country,http://country.is/,200,0.3612,5523,
CountryStateCity,https://countrystatecity.in/,200,0.4105,13532,
Ducks Unlimited,https://gis.ducks.org/datasets/du-university-chapters/api,200,0.6437,44856,
GeoApi,https://api.gouv.fr/api/geoapi.html,200,0.4364,34131,
Geoapify,https://www.geoapify.com/api/geocoding-api/,200,0.5658,194450,
Geocod.io,https://www.geocod.io/,200,0.3671,169328,
Geocode.xyz,https://geocode.xyz/api,200,0.8228,101627,
Geocodify.com,https://geocodify.com/,200,0.357,60596,
GeoDataSource,https://www.geodatasource.com/web-service,200,0.4078,64753,
GeoDB Cities,http://geodb-cities-api.wirefreethought.com/,200,0.6395,37431,
GeographQL,https://geographql.netlify.app,200,3.372,8684,
GeoJS,https://www.geojs.io/,200,7.3964,21194,
Geokeo,https://geokeo.com,200,0.8444,34099,
GeoNames,http://www.geonames.org/export/web-services.html,200,1.1907,29774,
geoPlugin,https://www.geoplugin.com,200,1.7823,53313,
Google Earth Engine,https://developers.google.com/earth-engine/,200,0.8003,82882,
Google Maps,https://developers.google.com/maps/,200,0.6122,202330,
Graph Countries,https://github.com/lennertVanSever/graphcountries,200,2.5072,300685,
HelloSalut,https://fourtonfish.com/project/hellosalut-api/,200,2.5004,91962,
HERE Maps,https://developer.here.com,200,0.9352,128944,
Hirak IP to Country,https://iplocation.hirak.site/,200,0.4216,483,
Hong Kong GeoData Store,https://geodata.gov.hk/gs/,200,2.5204,97331,
IBGE,https://servicodados.ibge.gov.br/api/docs/,200,1.8379,172019,
IP 2 Country,https://ip2country.info,200,0.2523,5275,
IP Address Details,https://ipinfo.io/,200,0.3198,300,
ip-api,https://ip-api.com/docs,200,0.5476,4616,
IP2Location,https://www.ip2location.com/web-service/ip2location,200,1.8193,90537,
IP2Proxy,https://www.ip2location.com/web-service/ip2proxy,200,1.6863,64097,
ipapi.co,https://ipapi.co/api/#introduction,200,0.8379,98960,
ipapi.com,https://ipapi.com/,200,0.6166,41928,
IPGEO,https://api.techniknews.net/ipgeo/,200,0.3259,424,
ipstack,https://ipstack.com/,200,1.3001,90883,
Kakao Maps,https://apis.map.kakao.com,200,1.3463,10524,
LocationIQ,https://locationiq.org/docs/,200,0.8098,63603,
Longdo Map,https://map.longdo.com/docs/,200,0.8772,3084,
Mapbox,https://docs.mapbox.com/,200,1.0608,114023,
MapQuest,https://developer.mapquest.com/,200,0.3542,105501,
Mexico,https://github.com/IcaliaLabs/sepomex,200,1.738,421436,
Nominatim,https://nominatim.org/release-docs/latest/api/Overview/,200,0.4367,30449,
"One Map, Singapore",https://www.onemap.gov.sg/docs/,200,1.6366,994,
OnWater,https://onwater.io/,200,1.5515,7176,
Open Topo Data,https://www.opentopodata.org,200,1.3504,34702,
OpenCage,https://opencagedata.com,200,1.5336,55725,
openrouteservice.org,https://openrouteservice.org/,200,1.4791,95438,
OpenStreetMap,http://wiki.openstreetmap.org/wiki/API,200,1.2298,45106,
Pinball Map,https://pinballmap.com/api/v1/docs,200,1.8537,80528,
positionstack,https://positionstack.com/,200,1.5975,37817,
Postali,https://postali.app/api,200,1.2641,3909,
PostcodeData.nl,http://api.postcodedata.nl/v1/postcode/?postcode=1211EP&streetnumber=60&ref=domeinnaam.nl&type=json,200,1.1989,299,
Postcodes.io,https://postcodes.io,200,1.3065,16810,
REST Countries,https://restcountries.com,200,1.5764,2050,
Rwanda Locations,https://rapidapi.com/victorkarangwa4/api/rwanda,200,0.6321,193464,
SLF,https://github.com/slftool/slftool.github.io/blob/master/API.md,200,0.9969,186243,
SpotSense,https://spotsense.io/,200,8.2804,1174,
Telize,https://rapidapi.com/fcambus/api/telize/,200,0.9269,199883,
TomTom,https://developer.tomtom.com/,200,0.2964,728609,
Uebermaps,https://uebermaps.com/api/v2,200,0.3625,3598,
US ZipCode,https://www.smarty.com/docs/cloud/us-zipcode-api,200,0.2519,155285,
Utah AGRC,https://api.mapserv.utah.gov,200,0.4403,32398,
ViaCep,https://viacep.com.br,200,1.4809,9865,
What3Words,https://what3words.com,200,3.2443,75026,
Yandex.Maps Geocoder,https://yandex.com/dev/maps/geocoder,200,0.4797,13442,
ZipCodeAPI,https://www.zipcodeapi.com,200,0.8602,103429,
Zippopotam.us,http://www.zippopotam.us,200,0.1471,0,
Ziptastic,https://ziptasticapi.com/,200,0.666,4373,
Bank Negara Malaysia Open Data,https://apikijangportal.bnm.gov.my/,200,1.021,8435,
BCLaws,https://www.bclaws.gov.bc.ca/civix/template/complete/api/index.html,200,1.2945,4841,
Brazil,https://brasilapi.com.br/,200,0.4403,11155,
Brazil Central Bank Open Data,https://dadosabertos.bcb.gov.br/,200,1.5409,42129,
Brazil Receita WS,https://www.receitaws.com.br/,200,7.59,4006,
Brazilian Chamber of Deputies Open Data,https://dadosabertos.camara.leg.br/swagger/api.html,200,2.9023,644012,
Census.gov,https://www.census.gov/data/developers/data-sets.html,200,2.0275,369028,
"City, Berlin",https://daten.berlin.de/,200,0.4058,52128,
"City, Gdańsk",https://ckan.multimediagdansk.pl/en,200,0.4707,15703,
"City, Gdynia",http://otwartedane.gdynia.pl/en/api_doc.html,200,3.3922,15453,
"City, Helsinki",https://hri.fi/en_gb/,200,1.9875,116164,
"City, Nantes Open Data",https://data.nantesmetropole.fr/pages/home/,200,1.379,361571,
"City, Toronto Open Data",https://open.toronto.ca/,200,0.2907,25442,
Code.gov,https://code.gov,200,8.2476,43057,
Colorado Information Marketplace,https://data.colorado.gov/,Error,,,
Data USA,https://datausa.io/about/api/,200,0.2304,51655,
Data.gov,https://api.data.gov/,200,1.9884,13687,
Data.parliament.uk,https://explore.data.parliament.uk/?learnmore=Members,200,0.329,5262,
Deutscher Bundestag DIP,https://dip.bundestag.de/documents/informationsblatt_zur_dip_api_v01.pdf,200,0.5232,2375,
District of Columbia Open Data,http://opendata.dc.gov/pages/using-apis,200,1.9879,170531,
EPA,https://www.epa.gov/developers/data-data-products#apis,200,0.3985,62517,
FEC,https://api.open.fec.gov/developers/,200,0.9235,3946,
Federal Register,https://www.federalregister.gov/reader-aids/developer-resources/rest-api,200,2.0687,4274,
Interpol Red Notices,https://interpol.api.bund.dev/,200,0.2361,681,
Istanbul (İBB) Open Data,https://data.ibb.gov.tr,200,1.2643,20194,
"National Park Service, US",https://www.nps.gov/subjects/developer/,200,0.2151,40483,
"Open Government, ACT",https://www.data.act.gov.au/,200,2.3539,797320,
"Open Government, Argentina",https://datos.gob.ar/,200,2.3513,31715,
"Open Government, Australia",https://www.data.gov.au/,200,1.6054,5035,
"Open Government, Austria",https://www.data.gv.at/,200,0.5592,38596,
"Open Government, Belgium",https://data.gov.be/,200,0.8884,7715,
"Open Government, Canada",http://open.canada.ca/en,200,1.174,28419,
"Open Government, Czech Republic",https://data.gov.cz/english/,200,0.4507,11939,
"Open Government, Denmark",https://www.opendata.dk/,200,4.3098,70441,
"Open Government, Estonia",https://avaandmed.eesti.ee/instructions/opendata-dataset-api,200,0.3904,5575,
"Open Government, Finland",https://www.avoindata.fi/en,200,1.7726,39776,
"Open Government, France",https://www.data.gouv.fr/,200,0.4761,160706,
"Open Government, Germany",https://www.govdata.de/daten/-/details/govdata-metadatenkatalog,200,1.5058,60952,
"Open Government, Greece",https://data.gov.gr/,200,1.3206,437,
"Open Government, India",https://data.gov.in/,200,4.8542,1138054,
"Open Government, Ireland",https://data.gov.ie/pages/developers,200,0.4646,18184,
"Open Government, Italy",https://www.dati.gov.it/,200,0.5479,202954,
"Open Government, Korea",https://www.data.go.kr/,200,5.5953,139143,
"Open Government, Lithuania",https://data.gov.lt/public/api/1,200,0.3017,13060,
"Open Government, Luxembourg",https://data.public.lu,200,7.1797,192391,
"Open Government, Netherlands",https://data.overheid.nl/en/ondersteuning/data-publiceren/api,200,0.6022,21437,
"Open Government, New South Wales",https://api.nsw.gov.au/,200,1.666,74558,
"Open Government, New Zealand",https://www.data.govt.nz/,200,1.2277,27503,
"Open Government, Norway",https://data.norge.no/dataservices,200,3.4064,3118,
"Open Government, Peru",https://www.datosabiertos.gob.pe/,200,1.4622,84844,
"Open Government, Poland",https://dane.gov.pl/en,200,0.3838,3684,
"Open Government, Portugal",https://dados.gov.pt/en/docapi/,200,0.8432,92101,
"Open Government, Queensland Government",https://www.data.qld.gov.au/,200,0.3357,17669,
"Open Government, Saudi Arabia",https://data.gov.sa,200,3.0672,2513,
"Open Government, Singapore",https://data.gov.sg/developer,200,1.6012,111242,
"Open Government, Slovakia",https://data.gov.sk/en/,200,1.7241,524,
"Open Government, Slovenia",https://podatki.gov.si/,200,1.515,36727,
"Open Government, South Australian Government",https://data.sa.gov.au/,200,1.3843,32870,
"Open Government, Sweden",https://www.dataportal.se/en/dataservice/91_29789/api-for-the-statistical-database,200,1.4114,56685,
"Open Government, Switzerland",https://handbook.opendata.swiss/de/content/nutzen/api-nutzen.html,200,0.3918,52551,
"Open Government, Taiwan",https://data.gov.tw/,502,0.4995,6305,
"Open Government, Thailand",https://data.go.th/,200,3.3222,88111,
"Open Government, UK",https://data.gov.uk/,200,0.5126,14239,
"Open Government, USA",https://www.data.gov/,200,1.2459,120938,
"Open Government, Victoria State Government",https://www.data.vic.gov.au/,200,1.4575,84779,
"Open Government, West Australia",https://data.wa.gov.au/,200,1.0831,21760,
PRC Exam Schedule,https://api.whenisthenextboardexam.com/docs/,200,0.3516,497,
Represent by Open North,https://represent.opennorth.ca/,200,0.6375,14722,
UK Companies House,https://developer.company-information.service.gov.uk/,200,1.5529,32384,
USAspending.gov,https://api.usaspending.gov/,200,0.9527,5162,
CMS.gov,https://data.cms.gov/provider-data/,200,0.5364,493,
Coronavirus,https://pipedream.com/@pravin/http-api-for-latest-wuhan-coronavirus-data-2019-ncov-p_G6CLVM/readme,200,0.5127,67494,
Coronavirus in the UK,https://coronavirus.data.gov.uk/details/developers-guide,200,0.5645,1134275,
Covid Tracking Project,https://covidtracking.com/data/api/version-2,200,4.3976,215096,
Covid-19,https://covid19api.com/,200,0.7872,4536,
Covid-19,https://github.com/M-Media-Group/Covid-19-API,200,0.874,318530,
Covid-19 Datenhub,https://npgeo-corona-npgeo-de.hub.arcgis.com,200,0.6316,15860,
Covid-19 Government Response,https://covidtracker.bsg.ox.ac.uk,200,0.8004,172160,
Covid-19 India,https://data.covid19india.org/,200,0.8281,37673,
Covid-19 JHU CSSE,https://nuttaphat.com/covid19-api/,200,2.8119,31799,
Covid-19 Live Data,https://github.com/mathdroid/covid-19-api,200,0.7154,319317,
Covid-19 Philippines,https://github.com/Simperfy/Covid-19-API-Philippines-DOH,200,0.5929,395925,
COVID-19 Tracker Canada,https://api.covid19tracker.ca/docs/1.0/overview,200,0.7381,10821,
Dataflow Kit COVID-19,https://covid-19.dataflowkit.com,200,0.4827,13455,
FoodData Central,https://fdc.nal.usda.gov/,200,1.8206,123788,
Healthcare.gov,https://www.healthcare.gov/developers/,200,1.5884,389079,
Humanitarian Data Exchange,https://data.humdata.org/,200,0.7908,50957,
Infermedica,https://developer.infermedica.com/docs/,200,1.3854,87689,
LAPIS,https://cov-spectrum.ethz.ch/public,200,1.462,1292,
Lexigram,https://docs.lexigram.io/,200,3.7957,77102,
Makeup,http://makeup-api.herokuapp.com/,200,4.1916,44134,
MyVaccination,https://documenter.getpostman.com/view/16605343/Tzm8GG7u,200,4.0514,40004,
NPPES,https://npiregistry.cms.hhs.gov/registry/help-api,200,0.9101,465,
Nutritionix,https://developer.nutritionix.com/,200,7.2678,6334,
Open Data NHS Scotland,https://www.opendata.nhs.scot,200,0.6054,17110,
Open Disease,https://disease.sh/,200,0.2355,22185,
openFDA,https://open.fda.gov,200,0.2272,112414,
Orion Health,https://developer.orionhealth.io/,200,0.2758,26456,
Adzuna,https://developer.adzuna.com/overview,200,0.7114,8912,
Arbeitnow,https://documenter.getpostman.com/view/18545278/UVJbJdKh,200,2.9856,42817,
Arbeitsamt,https://jobsuche.api.bund.dev/,200,0.2422,688,
Careerjet,https://www.careerjet.com/partners/api/,200,3.0421,4918,
DevITjobs UK,https://devitjobs.uk/job_feed.xml,200,0.3143,3494547,
Findwork,https://findwork.dev/developers/,200,0.3065,4116,
Jobs2Careers,http://api.jobs2careers.com/api/spec.pdf,200,1.5524,641010,
Juju,http://www.juju.com/publisher/spec/,200,0.2828,11908,
Open Skills,https://github.com/workforce-data-initiative/skills-api/wiki/API-Overview,200,0.5018,322041,
Reed,https://www.reed.co.uk/developers,200,0.302,2899,
The Muse,https://www.themuse.com/developers/api/v2,200,2.7596,9226332,
USAJOBS,https://developer.usajobs.gov/,200,1.0492,30265,
WhatJobs,https://www.whatjobs.com/affiliates,200,0.7794,35044,
AI For Thai,https://aiforthai.in.th/index.php,200,2.193,224562,
Clarifai,https://docs.clarifai.com/api-guide/api-overview,200,1.3024,337,
Cloudmersive,https://www.cloudmersive.com/image-recognition-and-processing-api,200,1.8115,63692,
Deepcode,https://www.deepcode.ai,200,1.1282,137419,
Dialogflow,https://cloud.google.com/dialogflow/docs/,200,0.8732,142643,
EXUDE-API,http://uttesh.com/exude-api/,200,0.3132,14988,
Hirak FaceAPI,https://faceapi.hirak.site/,200,0.5172,480,
Imagga,https://imagga.com/,200,0.8092,106232,
Inferdo,https://rapidapi.com/user/inferdo,200,0.5504,174880,
Irisnet,https://irisnet.de/api/,200,1.6216,734,
Keen IO,https://keen.io/,200,0.1962,75247,
MessengerX.io,https://messengerx.rtfd.io,200,4.0291,47402,
Perspective,https://perspectiveapi.com,200,0.3019,20073,
Roboflow Universe,https://universe.roboflow.com,200,0.266,294956,
SkyBiometry,https://skybiometry.com/documentation/,200,3.4383,205528,
Time Door,https://timedoor.io,200,0.6138,473,
Unplugg,https://unplu.gg/test_api.html,200,0.5959,56658,
WolframAlpha,https://products.wolframalpha.com/api/,200,1.0977,101705,
7digital,https://docs.7digital.com/reference,200,0.2922,472666,
AI Mastering,https://aimastering.com/api_docs/,200,0.6694,8705,
Audiomack,https://www.audiomack.com/data-api/docs,200,1.1126,87203,
Bandcamp,https://bandcamp.com/developer,200,0.6403,118004,
Bandsintown,https://app.swaggerhub.com/apis/Bandsintown/PublicAPI/3.0.0,200,1.4566,11526,
Deezer,https://developers.deezer.com/api,200,0.316,5991,
Freesound,https://freesound.org/docs/api/,200,0.5049,8980,
Gaana,https://github.com/cyberboysumanjay/GaanaAPI,200,2.4487,297516,
Genius,https://docs.genius.com/,200,0.8599,59080,
Genrenator,https://binaryjazz.us/genrenator-api/,200,0.4748,103737,
Jamendo,https://developer.jamendo.com/v3.0/docs,200,0.3285,30745,
JioSaavn,https://github.com/cyberboysumanjay/JioSaavnAPI,200,3.8016,351734,
KKBOX,https://developer.kkbox.com,200,0.9594,2116,
KSoft.Si Lyrics,https://docs.ksoft.si/api/lyrics-api,200,0.3066,627505,
LastFm,https://www.last.fm/api,Error,,,
Lyrics.ovh,https://lyricsovh.docs.apiary.io,200,3.342,5640,
Mixcloud,https://www.mixcloud.com/developers/,200,0.4765,755664,
MusicBrainz,https://musicbrainz.org/doc/Development/XML_Web_Service/Version_2,200,0.4518,57505,
Musixmatch,https://developer.musixmatch.com/,200,1.7558,23180,
Napster,https://developer.napster.com/api/v2.2,200,0.6278,6471,
Openwhyd,https://openwhyd.github.io/openwhyd/API,200,1.3094,53040,
Phishin,https://phish.in/api-docs,200,0.5923,2792,
Radio Browser,https://api.radio-browser.info/,200,1.4292,8777,
Songlink / Odesli,https://www.notion.so/API-d0ebe08a5e304a55928405eb682f6741,200,2.0818,68757,
SoundCloud,https://developers.soundcloud.com/docs/api/guide,200,0.295,50553,
Spotify,https://beta.developer.spotify.com/documentation/web-api/,200,3.5588,257995,
TasteDive,https://tastedive.com/read/api,200,0.3804,43644,
TheAudioDB,https://www.theaudiodb.com/api_guide.php,200,0.4869,25335,
Vagalume,https://api.vagalume.com.br/docs/,200,1.6914,4996,
apilayer mediastack,https://mediastack.com/,200,15.6049,30394,
Associated Press,https://developer.ap.org/,200,1.2503,8110,
Chronicling America,http://chroniclingamerica.loc.gov/about/api/,200,1.5099,33703,
Feedbin,https://github.com/feedbin/feedbin-api,200,2.6512,267696,
GNews,https://gnews.io/,200,0.5381,102492,
Inshorts News,https://github.com/cyberboysumanjay/Inshorts-News-API,200,2.1386,313645,
MarketAux,https://www.marketaux.com/,200,0.5712,64334,
New York Times,https://developer.nytimes.com/,200,0.8076,2138,
News,https://newsapi.org/,200,0.3623,107790,
NewsData,https://newsdata.io/docs,200,0.5223,2740,
NewsX,https://rapidapi.com/machaao-inc-machaao-inc-default/api/newsx/,200,0.9334,192185,
Spaceflight News,https://spaceflightnewsapi.net,200,0.2801,13886,
The Guardian,http://open-platform.theguardian.com/,200,0.2913,7019,
The Old Reader,https://github.com/theoldreader/api,200,1.2495,360329,
TheNews,https://www.thenewsapi.com/,200,0.7467,41725,
Trove,https://trove.nla.gov.au/about/create-something/using-api,200,1.9241,74377,
Archive.org,https://archive.readme.io/docs,200,0.3288,228007,
Black History Facts,https://www.blackhistoryapi.io/docs,200,0.2657,5174,
BotsArchive,https://botsarchive.com/docs.html,200,0.2803,4941,
Callook.info,https://callook.info,200,0.6136,4660,
CARTO,https://carto.com/,200,0.4811,264749,
CollegeScoreCard.ed.gov,https://collegescorecard.ed.gov/data/,200,0.3903,930586,
Enigma Public,https://developers.enigma.com/docs,200,0.4253,373942,
French Address Search,https://geo.api.gouv.fr/adresse,200,0.8837,68723,
GENESIS,https://www.destatis.de/EN/Service/OpenData/api-webservice.html,200,0.3884,24771,
Joshua Project,https://api.joshuaproject.net/,200,0.8584,18993,
Kaggle,https://www.kaggle.com/docs/api,200,0.2672,5341,
LinkPreview,https://www.linkpreview.net,200,0.6122,71438,
Lowy Asia Power Index,https://github.com/0x0is1/lowy-index-api-docs,200,0.9979,256098,
Microlink.io,https://microlink.io,200,0.4908,151683,
Nasdaq Data Link,https://docs.data.nasdaq.com/,200,0.3253,155849,
Nobel Prize,https://www.nobelprize.org/about/developer-zone-2/,200,0.404,135524,
Open Data Minneapolis,https://opendata.minneapolismn.gov/,200,0.6165,45993,
openAFRICA,https://africaopendata.org/,200,0.5639,13469,
OpenCorporates,http://api.opencorporates.com/documentation/API-Reference,200,0.1941,105520,
OpenSanctions,https://www.opensanctions.org/docs/api/,200,0.2426,66834,
PeakMetrics,https://rapidapi.com/peakmetrics-peakmetrics-default/api/peakmetrics-news,200,0.5199,174839,
Recreation Information Database,https://ridb.recreation.gov/,200,0.2399,3842,
Scoop.it,http://www.scoop.it/dev,200,1.475,16641,
Socrata,https://dev.socrata.com/,200,0.41,39782,
Umeå Open Data,https://opendata.umea.se/api/,200,0.7776,47903,
Universities List,https://github.com/Hipo/university-domains-list,200,0.6751,283286,
University of Oslo,https://data.uio.no/,200,1.3187,1604,
UPC database,https://upcdatabase.org/api,200,1.2184,9137,
Urban Observatory,https://urbanobservatory.ac.uk,200,1.7107,4146,
Wikidata,https://www.wikidata.org/w/api.php?action=help,200,1.7496,75144,
Wikipedia,https://www.mediawiki.org/wiki/API:Main_page,200,1.2086,150499,
Countly,https://api.count.ly/reference,200,1.2902,920269,
Creative Commons Catalog,https://api.creativecommons.engineering/,200,2.4651,1047,
Datamuse,https://www.datamuse.com/api/,200,1.5666,27936,
Drupal.org,https://www.drupal.org/drupalorg/docs/api,200,0.6192,65143,
Evil Insult Generator,https://evilinsult.com/api,200,1.3501,23265,
GitHub Contribution Chart Generator,https://github-contributions.vercel.app,200,0.2166,12530,
GitHub ReadMe Stats,https://github.com/anuraghazra/github-readme-stats,200,0.6321,693180,
Metabase,https://www.metabase.com/,200,0.2751,209748,
Shields,https://shields.io/,200,0.1992,13009,
EPO,https://developers.epo.org/,200,0.2287,37667,
TIPO,https://tiponet.tipo.gov.tw/Gazette/OpenData/OD/OD05.aspx?QryDS=API00,200,1.3265,2216,
USPTO,https://www.uspto.gov/learning-and-resources/open-data-and-mobility,200,0.3348,116417,
Advice Slip,http://api.adviceslip.com/,200,0.3573,15559,
Dev.to,https://developers.forem.com/api,200,0.5912,19119,
Dictum,https://github.com/fisenkodv/dictum,200,0.729,295767,
FavQs.com,https://favqs.com/api,200,0.5135,46802,
Forismatic,http://forismatic.com/en/api/,200,0.1991,10602,
icanhazdadjoke,https://icanhazdadjoke.com/api,200,0.4699,19895,
Inspiration,https://inspiration.goprogram.ai/docs/,200,0.2322,3269,
kanye.rest,https://kanye.rest,200,0.2713,1901,
Medium,https://github.com/Medium/medium-api-docs,200,0.8739,351318,
Programming Quotes,https://github.com/skolakoda/programming-quotes-api,200,0.8454,303358,
Quotable Quotes,https://github.com/lukePeavey/quotable,200,1.0022,433837,
Quotes on Design,https://quotesondesign.com/api/,200,0.1755,21626,
Stoicism Quote,https://github.com/tlcheah2/stoic-quote-lambda-public-api,200,0.8065,255604,
They Said So Quotes,https://theysaidso.com/api/,200,1.0367,82428,
Traitify,https://app.traitify.com/developer,200,0.5928,14988,
Udemy(instructor),https://www.udemy.com/developers/instructor/,200,0.4389,61624,
Vadivelu HTTP Codes,https://vadivelu.anoram.com/,200,0.2362,18727,
Zen Quotes,https://zenquotes.io/,200,0.5692,35897,
Phone Validation,https://www.abstractapi.com/phone-validation-api,200,0.7472,505078,
apilayer numverify,https://numverify.com,200,0.8774,748033,
Cloudmersive Validate,https://cloudmersive.com/phone-number-validation-API,200,0.817,55015,
Phone Specification,https://github.com/azharimm/phone-specs-api,200,0.7703,278359,
Veriphone,https://veriphone.io,200,0.3296,18342,
apilayer screenshotlayer,https://screenshotlayer.com,200,0.9659,332799,
APITemplate.io,https://apitemplate.io,200,0.6451,231800,
Bruzu,https://docs.bruzu.com,200,0.6762,1046,
CheetahO,https://cheetaho.com/docs/getting-started/,200,0.6127,37420,
Dagpi,https://dagpi.xyz,200,0.6626,99932,
DynaPictures,https://dynapictures.com/docs/,200,0.7121,132812,
Flickr,https://www.flickr.com/services/api/,200,0.6644,231797,
Getty Images,http://developers.gettyimages.com/en/,200,0.6401,184,
Giphy,https://developers.giphy.com/docs/,200,1.088,448570,
Google Photos,https://developers.google.com/photos,200,0.8063,85902,
Image Upload,https://apilayer.com/marketplace/image_upload-api,200,0.8919,64048,
Imgur,https://apidocs.imgur.com/,200,0.7645,65061,
Lorem Picsum,https://picsum.photos/,200,0.4536,12129,
ObjectCut,https://objectcut.com/,200,0.3371,22631,
PhotoRoom,https://www.photoroom.com/api/,200,0.4366,412561,
Pixabay,https://pixabay.com/sk/service/about/api/,200,0.5177,259348,
PlaceKeanu,https://placekeanu.com/,200,0.4103,5576,
Readme typing SVG,https://github.com/DenverCoder1/readme-typing-svg,200,0.7627,370677,
Remove.bg,https://www.remove.bg/api,200,0.964,145949,
ReSmush.it,https://resmush.it/api,200,0.4372,167575,
shutterstock,https://api-reference.shutterstock.com/,200,1.3906,2531878,
Sirv,https://apidocs.sirv.com/,200,3.5089,1681665,
Wallhaven,https://wallhaven.cc/help/api,200,7.4048,38341,
Hackerearth,https://www.hackerearth.com/docs/wiki/developers/v4/,200,3.9341,80587,
Judge0 CE,https://ce.judge0.com/,200,0.3918,195187,
Mintlify,https://docs.mintlify.com,200,0.6201,177457,
arcsecond.io,https://api.arcsecond.io/,200,0.3755,4387,
GBIF,https://www.gbif.org/developer/summary,200,0.5679,21780,
iDigBio,https://github.com/idigbio/idigbio-search-api/wiki,200,0.5602,255221,
inspirehep.net,https://github.com/inspirehep/rest-api-doc,200,0.8306,354307,
isEven (humor),https://isevenapi.xyz/,200,0.7908,29793,
ISRO,https://isro.vercel.app,200,0.3903,1772,
ITIS,https://www.itis.gov/ws_description.html,200,1.0981,30686,
Launch Library 2,https://thespacedevs.com/llapi,200,0.7176,36436,
Materials Platform for Data Science,https://mpds.io,200,0.2611,21829,
Minor Planet Center,http://www.asterank.com/mpc,200,1.3282,9702,
NASA,https://api.nasa.gov,200,1.9872,4737,
NASA ADS,https://ui.adsabs.harvard.edu/help/api/api-docs.html,200,0.6139,2532,
Newton,https://newton.vercel.app,200,0.2728,3512,
Noctua,https://api.noctuasky.com/api/v1/swaggerdoc/,200,1.3258,858,
Numbers,https://math.tools/api/numbers/,200,1.641,69974,
Numbers,http://numbersapi.com,200,2.5782,17453,
Open Notify,http://open-notify.org/Open-Notify-API/,200,1.3984,8996,
Open Science Framework,https://developer.osf.io,200,1.3293,551,
Purple Air,https://www2.purpleair.com/,200,1.2702,143775,
Remote Calc,https://github.com/elizabethadegbaju/remotecalc,200,1.9238,277610,
SpaceX,https://github.com/r-spacex/SpaceX-API,200,1.6595,358944,
Sunrise and Sunset,https://sunrise-sunset.org/api,200,3.6082,18277,
Times Adder,https://github.com/FranP-code/API-Times-Adder,200,1.696,241522,
USGS Earthquake Hazards Program,https://earthquake.usgs.gov/fdsnws/event/1/,200,0.3938,33099,
USGS Water Services,https://waterservices.usgs.gov/,200,0.8828,16222,
World Bank,https://datahelpdesk.worldbank.org/knowledgebase/topics/125589,200,0.9238,229243,
Application Environment Verification,https://github.com/fingerprintjs/aev,200,0.9883,278919,
BinaryEdge,https://docs.binaryedge.io/api-v2.html,200,1.5257,119594,
BitWarden,https://bitwarden.com/help/api/,200,3.3428,275511,
Botd,https://github.com/fingerprintjs/botd,200,0.8046,376068,
Bugcrowd,https://docs.bugcrowd.com/api/getting-started/,200,0.2747,46094,
Censys,https://search.censys.io/api,200,0.8387,33911,
Complete Criminal Checks,https://completecriminalchecks.com/Developers,200,0.7609,24250,
CRXcavator,https://crxcavator.io/apidocs,200,0.8188,1431,
EmailRep,https://docs.emailrep.io/,200,3.1889,316194,
Escape,https://github.com/polarspetroll/EscapeAPI,200,1.1233,239014,
FilterLists,https://filterlists.com,200,0.3802,2295,
FingerprintJS Pro,https://dev.fingerprintjs.com/docs,200,1.2347,373443,
FraudLabs Pro,https://www.fraudlabspro.com/developer/api/screen-order,200,1.3594,73533,
FullHunt,https://api-docs.fullhunt.io/#introduction,200,1.5598,273488,
GitGuardian,https://api.gitguardian.com/doc,200,2.2201,2435872,
GreyNoise,https://docs.greynoise.io/reference/get_v3-community-ip,200,2.0485,336084,
HackerOne,https://api.hackerone.com/,200,1.5893,8786,
Hashable,https://hashable.space/pages/api/,200,1.9072,1071,
HaveIBeenPwned,https://haveibeenpwned.com/API/v3,200,3.2784,103422,
Intelligence X,https://github.com/IntelligenceX/SDK/blob/master/Intelligence%20X%20API.pdf,200,0.6347,174242,
LoginRadius,https://www.loginradius.com/docs/,200,0.6141,37359,
Microsoft Security Response Center (MSRC),https://msrc.microsoft.com/report/developer,200,0.6573,2603,
Mozilla http scanner,https://github.com/mozilla/http-observatory/blob/master/httpobs/docs/api.md,200,0.9466,268081,
Mozilla tls scanner,https://github.com/mozilla/tls-observatory#api-endpoints,200,0.7507,554448,
National Vulnerability Database,https://nvd.nist.gov/vuln/Data-Feeds/JSON-feed-changelog,200,0.6084,30199,
Passwordinator,https://github.com/fawazsullia/password-generator/,200,1.0303,250936,
PhishStats,https://phishstats.info/,200,0.6164,1962,
Privacy.com,https://privacy.com/developer/docs,200,1.4723,105261,
Pulsedive,https://pulsedive.com/api/,200,0.6429,23327,
Shodan,https://developer.shodan.io/,200,0.9385,14878,
Spyse,https://spyse-dev.readme.io/reference/quick-start,200,0.8732,156505,
UK Police,https://data.police.uk/docs/,200,0.3233,8548,
VulDB,https://vuldb.com/?doc.api,200,0.7876,225593,
Best Buy,https://bestbuyapis.github.io/api-documentation/#overview,200,0.2336,239347,
eBay,https://developer.ebay.com/,200,0.6436,38323,
Etsy,https://www.etsy.com/developers/documentation/getting_started/api_basics,200,0.8805,17892,
Flipkart Marketplace,https://seller.flipkart.com/api-docs/FMSAPI.html,200,1.2083,57605,
Lazada,https://open.lazada.com/doc/doc.htm,Error,,,
Mercadolibre,https://developers.mercadolibre.cl/es_ar/api-docs-es,200,0.7224,202064,
OLX Poland,https://developer.olx.pl/api/doc#section/,200,0.4844,35296,
Rappi,https://dev-portal.rappi.com/,200,1.3788,663050,
Shopee,https://open.shopee.com/documents?version=1,200,0.9574,14551,
Tokopedia,https://developer.tokopedia.com/openapi/guide/#/,200,1.5364,20746,
WooCommerce,https://woocommerce.github.io/woocommerce-rest-api-docs/,200,0.3831,4343793,
4chan,https://github.com/4chan/4chan-API,200,0.6582,249687,
Blogger,https://developers.google.com/blogger/,200,0.4236,56065,
Discord,https://discord.com/developers/docs/intro,200,0.2154,3731,
Disqus,https://disqus.com/api/docs/auth/,200,0.3889,38153,
Facebook,https://developers.facebook.com/,200,1.5584,262579,
Foursquare,https://developer.foursquare.com/,200,0.7062,165473,
Full Contact,https://docs.fullcontact.com/,200,0.4857,245133,
HackerNews,https://github.com/HackerNews/API,200,0.9495,387115,
Hashnode,https://hashnode.com,200,0.297,256086,
Instagram,https://www.instagram.com/developer/,200,0.7861,146857,
Kakao,https://developers.kakao.com/,200,2.1461,29976,
Lanyard,https://github.com/Phineas/lanyard,200,0.7706,401568,
Line,https://developers.line.biz/,200,1.2181,1583,
LinkedIn,https://docs.microsoft.com/en-us/linkedin/?context=linkedin/context,200,0.6964,44721,
Meetup.com,https://www.meetup.com/api/guide,200,0.3095,70473,
Microsoft Graph,https://docs.microsoft.com/en-us/graph/api/overview,200,0.7308,44582,
NAVER,https://developers.naver.com/main/,200,1.4619,2804,
Open Collective,https://docs.opencollective.com/help/developers/api,200,0.2599,318163,
Pinterest,https://developers.pinterest.com/,200,0.8912,95478,
Product Hunt,https://api.producthunt.com/v2/docs,200,0.3423,13355,
Reddit,https://www.reddit.com/dev/api,200,0.6669,317659,
Slack,https://api.slack.com/,200,0.4733,144723,
TamTam,https://dev.tamtam.chat/,200,0.6326,785404,
Telegram Bot,https://core.telegram.org/bots/api,200,1.4773,618354,
Telegram MTProto,https://core.telegram.org/api#getting-started,200,1.301,37487,
Telegraph,https://telegra.ph/api,200,0.3238,30091,
TikTok,https://developers.tiktok.com/doc/login-kit-web,200,1.4597,497390,
Trash Nothing,https://trashnothing.com/developer,200,0.6798,22140,
Tumblr,https://www.tumblr.com/docs/en/api/v2,200,1.4413,314286,
Twitch,https://dev.twitch.tv/docs,200,0.3252,29114,
Twitter,https://developer.twitter.com/en/docs,200,2.7339,251390,
API-FOOTBALL,https://www.api-football.com/documentation-v3,200,1.3376,5457,
ApiMedic,https://apimedic.com/,200,0.4107,55882,
balldontlie,https://www.balldontlie.io,200,0.3469,120522,
City Bikes,https://api.citybik.es/v2/,200,1.2879,6413,
CollegeFootballData.com,https://collegefootballdata.com,200,1.4008,257984,
Ergast F1,http://ergast.com/mrd/,200,0.5985,58017,
Fitbit,https://dev.fitbit.com/,200,1.4497,18880,
Football,https://rapidapi.com/GiulianoCrescimbeni/api/football98/,200,1.8841,204984,
Football (Soccer) Videos,https://www.scorebat.com/video-api/,200,0.7322,18741,
Football Standings,https://github.com/azharimm/football-standings-api,200,0.8195,278551,
Football-Data,https://www.football-data.org,200,0.3618,8390,
JCDecaux Bike,https://developer.jcdecaux.com/,200,0.4021,3654,
MLB Records and Stats,https://appac.github.io/mlb-data-api-docs/,200,0.2938,194820,
NBA Data,https://rapidapi.com/api-sports/api/api-nba/,200,1.8187,275895,
NBA Stats,https://any-api.com/nba_com/nba_com/docs/API_Description,200,1.0412,146526,
NHL Records and Stats,https://gitlab.com/dword4/nhlapi,200,0.6233,42498,
Premier League Standings ,https://rapidapi.com/heisenbug/api/premier-league-live-scores/,200,1.4435,254634,
Sport Data,https://sportdataapi.com,200,0.3186,6062,
Sportmonks Cricket,https://docs.sportmonks.com/cricket/,200,0.4707,242842,
Sportmonks Football,https://docs.sportmonks.com/football/,200,0.5437,771788,
Squiggle,https://api.squiggle.com.au,200,0.3545,29737,
Strava,https://strava.github.io/api/,200,0.2294,21860,
SuredBits,https://suredbits.com/api/,200,0.8338,347107,
TheSportsDB,https://www.thesportsdb.com/api.php,200,0.2817,12844,
Tredict,https://www.tredict.com/blog/oauth_docs/,200,1.2728,60520,
Wger,https://wger.de/en/software/api,200,0.2506,26792,
Bacon Ipsum,https://baconipsum.com/json-api/,200,0.9334,36311,
Dicebear Avatars,https://avatars.dicebear.com/,200,0.73,135130,
English Random Words,https://random-words-api.vercel.app/word,200,0.9246,103,
FakeJSON,https://fakejson.com,200,0.3966,5395,
FakerAPI,https://fakerapi.it/en,200,1.1325,59184,
FakeStoreAPI,https://fakestoreapi.com/,200,0.3321,7703,
GeneradorDNI,https://api.generadordni.es,200,0.4652,32536,
ItsThisForThat,https://itsthisforthat.com/api.php,200,0.5018,419,
JSONPlaceholder,http://jsonplaceholder.typicode.com/,200,0.0659,7972,
Mailsac,https://mailsac.com/docs/api,200,0.9263,968,
Metaphorsum,http://metaphorpsum.com/,200,0.3556,4750,
Mockaroo,https://www.mockaroo.com/docs,200,0.4077,133371,
Randommer,https://randommer.io/randommer-api,200,0.6369,58349,
RandomUser,https://randomuser.me,200,0.2965,8553,
RoboHash,https://robohash.org/,200,0.3975,24571,
This Person Does not Exist,https://thispersondoesnotexist.com,200,0.3943,579424,
Toolcarton,https://testimonialapi.toolcarton.com/,200,0.4604,491,
UUID Generator,https://www.uuidtools.com/docs,200,0.3661,14831,
What The Commit,http://whatthecommit.com/index.txt,200,0.9728,38,
Yes No,https://yesno.wtf/api,200,0.3979,107,
Code Detection API,https://codedetectionapi.runtime.dev,200,0.3357,47065,
apilayer languagelayer,https://languagelayer.com/,200,0.9253,325888,
Cloudmersive Natural Language Processing,https://www.cloudmersive.com/nlp-api,200,0.6847,48683,
Detect Language,https://detectlanguage.com/,200,0.5174,8169,
ELI,https://nlp.insightera.co.th/docs/v1.0,200,1.0139,8587,
Google Cloud Natural,https://cloud.google.com/natural-language/docs/,200,1.1687,379209,
Hirak OCR,https://ocr.hirak.site/,200,0.4762,476,
Hirak Translation,https://translate.hirak.site/,200,1.6158,482,
Lecto Translation,https://rapidapi.com/lecto-lecto-default/api/lecto-translation/,200,3.0621,804785,
LibreTranslate,https://libretranslate.com/docs,200,0.6744,1303,
Semantria,https://semantria.readme.io/docs,200,1.432,466971,
Tisane,https://tisane.ai/,200,1.5171,141564,
Watson Natural Language Understanding,https://cloud.ibm.com/apidocs/natural-language-understanding/natural-language-understanding,200,3.4654,6390603,
Correios,https://cws.correios.com.br/ajuda,200,4.0643,11484,
Pixela,https://pixe.la,200,1.7427,52503,
PostalPinCode,http://www.postalpincode.in/Api-Details,200,2.0098,32522,
Postmon,http://postmon.com.br,200,1.347,8322,
PostNord,https://developer.postnord.com/api,200,0.2876,527,
WeCanTrack,https://docs.wecantrack.com,200,0.369,3795,
WhatPulse,https://developer.whatpulse.org/#web-api,200,0.6208,10594,
ADS-B Exchange,https://www.adsbexchange.com/data/,200,1.1873,72339,
airportsapi,https://airport-web.appspot.com/api/docs/,200,0.1826,3531,
AIS Hub,http://www.aishub.net/api,200,0.346,113729,
Amadeus for Developers,https://developers.amadeus.com/self-service,200,0.3601,14364,
apilayer aviationstack,https://aviationstack.com/,200,0.6303,42979,
AviationAPI,https://docs.aviationapi.com,200,0.5834,836,
AZ511,https://www.az511.com/developers/doc,200,0.9051,60265,
BC Ferries,https://www.bcferriesapi.ca,200,0.7449,3326,
BIC-Boxtech,https://docs.bic-boxtech.org/,200,0.3991,280592,
Boston MBTA Transit,https://www.mbta.com/developers/v3-api,200,0.8772,100232,
Community Transit,https://github.com/transitland/transitland-datastore/blob/master/README.md#api-endpoints,200,0.709,186174,
Compare Flight Prices,https://rapidapi.com/obryan-software-obryan-software-default/api/compare-flight-prices/,200,0.9434,202562,
Grab,https://developer.grab.com/docs/,200,1.0123,25819,
GraphHopper,https://docs.graphhopper.com/,200,0.4631,345671,
Icelandic APIs,http://docs.apis.is/,200,0.3581,94209,
Izi,http://api-docs.izi.travel/,200,0.7848,1194367,
"Land Transport Authority DataMall, Singapore",https://datamall.lta.gov.sg/content/dam/datamall/datasets/LTA_DataMall_API_User_Guide.pdf,200,0.7459,1340608,
Metro Lisboa,http://app.metrolisboa.pt/status/getLinhas.php,200,1.8296,161,
Navitia,https://doc.navitia.io/,200,1.3442,379792,
Open Charge Map,https://openchargemap.org/site/develop/api,200,0.7489,12383,
REFUGE Restrooms,https://www.refugerestrooms.org/api/docs/#!/restrooms,200,1.7671,5214,
Sabre for Developers,https://developer.sabre.com/guides/travel-agency/quickstart/getting-started-in-travel,200,0.5933,6463,
Schiphol Airport,https://developer.schiphol.nl/,200,4.3036,45915,
Tankerkoenig,https://creativecommons.tankerkoenig.de/swagger/,200,1.3584,1397,
TransitLand,https://www.transit.land/documentation/datastore/api-endpoints.html,200,0.9424,1254478,
"Transport for Atlanta, US",http://www.itsmarta.com/app-developer-resources.aspx,200,2.2171,263906,
"Transport for Auckland, New Zealand",https://dev-portal.at.govt.nz/,200,2.711,14476,
Transport for Belgium,https://docs.irail.be/,200,0.6423,219363,
"Transport for Berlin, Germany",https://github.com/derhuerst/vbb-rest/blob/3/docs/index.md,200,0.6971,269765,
"Transport for Bordeaux, France",https://opendata.bordeaux-metropole.fr/explore/,200,0.4255,313222,
"Transport for Budapest, Hungary",https://bkkfutar.docs.apiary.io,200,0.4003,5687,
Transport for Czech Republic,https://www.chaps.cz/eng/products/idos-internet,200,0.3026,14698,
"Transport for Grenoble, France",https://www.mobilites-m.fr/pages/opendata/OpenDataApi.html,200,0.3599,49062,
"Transport for Hessen, Germany",https://opendata.rmv.de/site/start.html,200,0.2365,10187,
"Transport for Honolulu, US",http://hea.thebus.org/api_info.asp,200,0.6221,3468,
"Transport for London, England",https://api.tfl.gov.uk,200,1.573,7212,
Transport for Norway,https://developer.entur.org/,200,0.3336,311301,
"Transport for Paris, France",http://data.ratp.fr/api/v1/console/datasets/1.0/search/,200,1.8681,284861,
"Transport for Sao Paulo, Brazil",http://www.sptrans.com.br/desenvolvedores/api-do-olho-vivo-guia-de-referencia/documentacao-api/,200,1.5703,152816,
Transport for Spain,https://data.renfe.com/api/1/util/snippet/api_info.html?resource_id=a2368cff-1562-4dde-8466-9635ea3a572a,200,3.4364,5152,
Transport for Sweden,https://www.trafiklab.se/api,200,3.3861,63621,
Transport for Switzerland,https://opentransportdata.swiss/en/,200,0.3115,92327,
Transport for Switzerland,https://transport.opendata.ch/,200,0.289,2828,
Transport for The Netherlands,http://www.ns.nl/reisinformatie/ns-api,200,1.4298,153572,
Transport for The Netherlands,https://github.com/skywave/KV78Turbo-OVAPI/wiki,200,1.6713,197415,
"Transport for Toronto, Canada",https://myttc.ca/developers,200,0.9615,6997,
Transport for UK,https://developer.transportapi.com,200,0.6829,17421,
Transport for United States,https://retro.umoiq.com/xmlFeedDocs/NextBusXMLFeed.pdf,200,2.0355,516842,
"Transport for Vancouver, Canada",https://developer.translink.ca/,200,1.0702,1016070,
"Transport for Washington, US",https://developer.wmata.com/,200,0.7681,12082,
transport.rest,https://transport.rest,200,1.3304,6941,
Tripadvisor,https://developer-tripadvisor.com/home/,200,0.7231,5543,
1pt,https://github.com/1pt-co/api/blob/main/README.md,200,0.8268,188141,
Bitly,http://dev.bitly.com/get_started.html,200,1.605,23400,
Clico,https://cli.com/swagger-ui/index.html?configUrl=/v3/api-docs/swagger-config,200,0.4994,152,
Cutt.ly,https://cutt.ly/api-documentation/cuttly-links-api,200,0.2292,130233,
Drivet URL Shortener,https://wiki.drivet.xyz/en/url-shortener/add-links,200,0.4154,503,
Free Url Shortener,https://ulvis.net/developer.html,200,0.3123,11692,
Git.io,https://github.blog/2011-11-10-git-io-github-url-shortener/,200,0.3791,158146,
GoTiny,https://github.com/robvanbakel/gotiny-api,200,0.6848,297569,
Kutt,https://docs.kutt.it/,200,0.7341,316,
Mgnet.me,http://mgnet.me/api.html,200,0.8584,7394,
Rebrandly,https://developers.rebrandly.com/v1/docs,200,0.5472,327801,
Shrtcode,https://shrtco.de/docs,200,0.238,936,
TinyURL,https://tinyurl.com/app/dev,200,0.3764,13574,
UrlBae,https://urlbae.com/developers,200,0.6696,291852,
Brazilian Vehicles and Prices,https://deividfortuna.github.io/fipe/,200,0.232,9686,
Helipaddy sites,https://helipaddy.com/api/,200,0.2278,137547,
Kelley Blue Book,http://developer.kbb.com/#!/data/1-Default,200,0.3883,12522,
Mercedes-Benz,https://developer.mercedes-benz.com/apis,200,0.2909,3948,
NHTSA,https://vpic.nhtsa.dot.gov/api/,200,0.5345,91413,
Smartcar,https://smartcar.com/docs/,200,0.5123,202464,
An API of Ice And Fire,https://anapioficeandfire.com/,200,0.2576,5361,
Breaking Bad,https://breakingbadapi.com/documentation,200,0.2629,1074,
Breaking Bad Quotes,https://github.com/shevabam/breaking-bad-quotes,200,0.7432,269404,
Czech Television,http://www.ceskatelevize.cz/xml/tv-program/,200,0.6731,66377,
Dune,https://github.com/ywalia01/dune-api,200,0.7426,274696,
Final Space,https://finalspaceapi.com/docs/,200,0.4657,55486,
Game of Thrones Quotes,https://gameofthronesquotes.xyz/,200,0.374,13147,
IMDbOT,https://github.com/SpEcHiDe/IMDbOT,200,0.9609,261704,
JSON2Video,https://json2video.com,200,0.2754,70974,
Lucifer Quotes,https://github.com/shadowoff09/lucifer-quotes,200,0.7821,282376,
MCU Countdown,https://github.com/DiljotSG/MCU-Countdown,200,0.8131,275605,
Movie Quote,https://github.com/F4R4N/movie-quote/,200,0.7823,283172,
Open Movie Database,http://www.omdbapi.com/,200,0.1126,27744,
Ron Swanson Quotes,https://github.com/jamesseanwright/ron-swanson-quotes#ron-swanson-quotes-api,200,0.7743,281918,
Simkl,https://simkl.docs.apiary.io,200,0.377,5618,
STAPI,http://stapi.co,200,0.1478,4628,
Stranger Things Quotes,https://github.com/shadowoff09/strangerthings-quotes,200,0.6862,282444,
Stromberg Quotes,https://www.stromberg-api.de/,200,0.5749,40621,
SWAPI,https://www.swapi.tech,200,0.5309,1393,
SWAPI GraphQL,https://graphql.org/swapi-graphql,200,0.4444,3949,
The Lord of the Rings,https://the-one-api.dev/,200,0.2996,1110,
The Vampire Diaries,https://vampire-diaries-api.netlify.app/,200,0.5073,3286,
ThronesApi,https://thronesapi.com/,200,0.777,11382,
TMDb,https://www.themoviedb.org/documentation/api,200,1.0728,4157964,
TrailerAddict,https://www.traileraddict.com/trailerapi,200,0.5844,114,
Trakt,https://trakt.docs.apiary.io/,200,0.5911,5618,
TVDB,https://thetvdb.com/api-information,200,0.3137,21806,
TVMaze,http://www.tvmaze.com/api,200,0.5302,50810,
uNoGS,https://rapidapi.com/unogs/api/unogsng,200,0.6992,199680,
Vimeo,https://developer.vimeo.com/,200,3.3388,74231,
Watchmode,https://api.watchmode.com/,200,0.9605,73975,
Web Series Quotes Generator,https://github.com/yogeshwaran01/web-series-quotes,200,0.7022,285869,
YouTube,https://developers.google.com/youtube/,200,0.5529,67547,
7Timer!,http://www.7timer.info/doc.php?lang=en,200,1.393,68889,
AccuWeather,https://developer.accuweather.com/apis,200,0.6928,109329,
apilayer weatherstack,https://weatherstack.com/,200,0.8105,243203,
APIXU,https://www.apixu.com/doc/request.aspx,200,1.0295,243203,
AQICN,https://aqicn.org/api/,200,1.5532,76219,
AviationWeather,https://www.aviationweather.gov/dataserver,200,1.1581,30107,
ColorfulClouds,https://open.caiyunapp.com/ColorfulClouds_Weather_API,200,1.2323,42339,
Euskalmet,https://opendata.euskadi.eus/api-euskalmet/-/api-de-euskalmet/,200,1.0223,151596,
Foreca,https://developer.foreca.com,200,0.4946,420439,
HG Weather,https://hgbrasil.com/status/weather,200,0.4548,77516,
Hong Kong Obervatory,https://www.hko.gov.hk/en/abouthko/opendata_intro.htm,200,2.8605,59616,
Meteorologisk Institutt,https://api.met.no/weatherapi/documentation,200,0.3611,34538,
Micro Weather,https://m3o.com/weather/api,200,0.8475,2308,
ODWeather,http://api.oceandrivers.com/static/docs.html,200,5.4856,2367,
Oikolab,https://docs.oikolab.com,200,0.3785,31932,
Open-Meteo,https://open-meteo.com/,200,0.3494,48688,
openSenseMap,https://api.opensensemap.org/,200,0.5055,4636,
OpenUV,https://www.openuv.io,200,0.7579,5666,
OpenWeatherMap,https://openweathermap.org/api,200,1.4946,92365,
QWeather,https://dev.qweather.com/en/,200,0.3929,16855,
RainViewer,https://www.rainviewer.com/api.html,200,1.3244,25936,
Storm Glass,https://stormglass.io/,200,2.1179,257554,
Tomorrow,https://docs.tomorrow.io,200,1.7066,858049,
US Weather,https://www.weather.gov/documentation/services-web-api,200,1.2008,48681,
Visual Crossing,https://www.visualcrossing.com/weather-api,200,2.2842,337474,
weather-api,https://github.com/robertoduessmann/weather-api,200,0.6596,295070,
WeatherAPI,https://www.weatherapi.com/,200,0.3072,293143,
Weatherbit,https://www.weatherbit.io/api,200,0.5651,38421,
Yandex.Weather,https://yandex.com/dev/weather/,200,0.4441,13425,
